group,tag,route,dq,steps,res,aotriton,prompt_id,seed,iter,label,tokenize_s,encode_s,encode_pos_s,encode_neg_s,cond_prep_s,dit_s,dit_preload_in_window_s,vae_s,png_save_s,total_gen_s,total_save_inclusive_s,n_tokens_kept,cuda_peak_alloc_gib,gtt_free_gib_after,img_sha16,png,wait_s,total_from_submit_s,standalone_s,dit_gpu_busy_mean,dit_gtt_used_max_gib,contend_active
ab,ab_p1_gpu,gpu,,20,1024x1024,1,P3,20260929,0,P3_s20260929_i0,0.001656641,2.992154428,,,,137.390982529,1.380050242,2.602800807,0.243828082,144.382957191,144.660287008,171,50.73,38.98,8dbe52636a1a7667,results/e2e/images/ab_p1_gpu_P3_s20260929_i0.png,,,,99.47,30.92095184326172,False
ab,ab_p1_gpu,gpu,,20,1024x1024,1,P3,20260929,1,P3_s20260929_i1,0.001629748,2.531345772,,,,136.878317714,1.380050242,2.01767559,0.242808074,141.440070226,141.716273823,171,50.73,38.98,283c8a10d490e70f,results/e2e/images/ab_p1_gpu_P3_s20260929_i1.png,,,,99.95,31.52663803100586,False
ab,ab_p1_gpu,gpu,,20,1024x1024,1,P3,20260929,2,P3_s20260929_i2,0.000992251,2.51344827,,,,139.967572332,1.380050242,2.046710438,0.23963145,144.531532409,144.799456198,171,50.73,38.98,8dbe52636a1a7667,results/e2e/images/ab_p1_gpu_P3_s20260929_i2.png,,,,99.97,31.50905990600586,False
ab,ab_p1_gpu,gpu,,20,1024x1024,1,P3,20260929,3,P3_s20260929_i3,0.000964698,2.641931986,,,,142.392326708,1.380050242,2.162059724,0.239656644,147.200745506,147.498388953,171,50.73,38.98,8dbe52636a1a7667,results/e2e/images/ab_p1_gpu_P3_s20260929_i3.png,,,,99.97,31.50905990600586,False
ab,ab_p1_ov,ov_dq32,,20,1024x1024,1,P3,20260929,0,P3_s20260929_i0,,2.897253517,2.719782288,0.158568104,0.001091305,142.436508059,1.680464651,3.465633748,0.234018581,150.484229043,150.754497843,171,34.39,55.52,b66244f56f312e14,results/e2e/images/ab_p1_ov_P3_s20260929_i0.png,,,,99.17,14.407752990722656,False
ab,ab_p1_ov,ov_dq32,,20,1024x1024,1,P3,20260929,1,P3_s20260929_i1,,1.036632748,0.854725013,0.162850699,0.000366697,143.71888151,1.680464651,2.427631721,0.226895852,147.18516943,147.443301557,171,34.39,55.45,b66244f56f312e14,results/e2e/images/ab_p1_ov_P3_s20260929_i1.png,,,,99.5,32.3226318359375,False
ab,ab_p1_ov,ov_dq32,,20,1024x1024,1,P3,20260929,2,P3_s20260929_i2,,0.962143354,0.787842329,0.158183844,0.000380292,145.442304978,1.680464651,2.210832011,0.220681276,148.617342256,148.873427246,171,34.39,55.45,b66244f56f312e14,results/e2e/images/ab_p1_ov_P3_s20260929_i2.png,,,,99.49,29.963565826416016,False
ab,ab_p1_ov,ov_dq32,,20,1024x1024,1,P3,20260929,3,P3_s20260929_i3,,0.985603243,0.82145215,0.160409805,0.000260768,146.209230663,1.680464651,2.209248211,0.226660565,149.405633282,149.661734646,171,34.39,55.45,b66244f56f312e14,results/e2e/images/ab_p1_ov_P3_s20260929_i3.png,,,,99.52,24.4808349609375,False
ab,ab_p2_gpu,gpu,,20,1024x1024,1,P3,20260929,0,P3_s20260929_i0,0.001675441,3.211539568,,,,148.501761075,1.924604644,2.547079445,0.249592016,156.200671739,156.490516068,171,50.73,38.98,0c314152e558c073,results/e2e/images/ab_p2_gpu_P3_s20260929_i0.png,,,,99.09,30.903682708740234,False
ab,ab_p2_gpu,gpu,,20,1024x1024,1,P3,20260929,1,P3_s20260929_i1,0.002077074,2.786938608,,,,148.719496999,,2.812582816,0.252405395,154.334808692,154.622836986,171,50.73,38.98,8dbe52636a1a7667,results/e2e/images/ab_p2_gpu_P3_s20260929_i1.png,,,,99.96,31.515228271484375,False
ab,ab_p2_gpu,gpu,,20,1024x1024,1,P3,20260929,2,P3_s20260929_i2,0.002214178,2.730163992,,,,149.54743833,,2.696297386,0.230765004,154.992464222,155.255465376,171,50.73,38.98,8dbe52636a1a7667,results/e2e/images/ab_p2_gpu_P3_s20260929_i2.png,,,,99.95,31.507415771484375,False
ab,ab_p2_gpu,gpu,,20,1024x1024,1,P3,20260929,3,P3_s20260929_i3,0.020607752,2.767118649,,,,149.045079538,,2.548616177,0.244561799,154.3858171,154.667455913,171,50.73,38.98,8dbe52636a1a7667,results/e2e/images/ab_p2_gpu_P3_s20260929_i3.png,,,,99.92,31.51296615600586,False
ab,ab_p2_ov,ov_dq32,,20,1024x1024,1,P3,20260929,0,P3_s20260929_i0,,1.588210507,1.416592333,0.163415632,0.000362379,147.692748884,1.774086892,2.733177002,0.231169722,153.800380666,154.074743247,171,34.39,55.52,769c3ca0898b7f46,results/e2e/images/ab_p2_ov_P3_s20260929_i0.png,,,,99.23,14.404155731201172,False
ab,ab_p2_ov,ov_dq32,,20,1024x1024,1,P3,20260929,1,P3_s20260929_i1,,1.006434344,0.847028901,0.155102644,0.008218235,147.139336862,,2.27044802,0.232707554,150.426020416,150.693199193,171,34.39,55.45,b66244f56f312e14,results/e2e/images/ab_p2_ov_P3_s20260929_i1.png,,,,99.49,32.3226318359375,False
ab,ab_p2_ov,ov_dq32,,20,1024x1024,1,P3,20260929,2,P3_s20260929_i2,,1.012613753,0.848517553,0.160502989,0.000267189,147.952256828,,2.287869143,0.230035007,151.254431454,151.512839125,171,34.39,55.45,b66244f56f312e14,results/e2e/images/ab_p2_ov_P3_s20260929_i2.png,,,,99.51,22.9866943359375,False
ab,ab_p2_ov,ov_dq32,,20,1024x1024,1,P3,20260929,3,P3_s20260929_i3,,1.020822764,0.858157194,0.159153376,0.000267728,148.489323038,,2.239205218,0.23092396,151.751033023,152.016365372,171,34.39,55.45,b66244f56f312e14,results/e2e/images/ab_p2_ov_P3_s20260929_i3.png,,,,99.54,35.2542724609375,False
ab,ab_p3_gpu,gpu,,20,1024x1024,1,P3,20260929,0,P3_s20260929_i0,0.001505435,3.129537776,,,,148.666532997,2.011149651,2.599745568,0.232001117,156.423161393,156.688650747,171,50.73,38.98,8dbe52636a1a7667,results/e2e/images/ab_p3_gpu_P3_s20260929_i0.png,,,,99.06,30.905635833740234,False
ab,ab_p3_gpu,gpu,,20,1024x1024,1,P3,20260929,1,P3_s20260929_i1,0.009647079,2.69144656,,,,149.382302626,,2.407237105,0.236454985,154.50257493,154.767950845,171,50.73,38.98,8dbe52636a1a7667,results/e2e/images/ab_p3_gpu_P3_s20260929_i1.png,,,,99.96,31.52077865600586,False
ab,ab_p3_gpu,gpu,,20,1024x1024,1,P3,20260929,2,P3_s20260929_i2,0.003224187,2.617640093,,,,149.113462068,,2.430995842,0.235050059,154.173095046,154.451372181,171,50.73,38.98,8dbe52636a1a7667,results/e2e/images/ab_p3_gpu_P3_s20260929_i2.png,,,,99.96,31.509368896484375,False
ab,ab_p3_gpu,gpu,,20,1024x1024,1,P3,20260929,3,P3_s20260929_i3,0.001677606,2.601241727,,,,149.030600311,,2.514157406,0.235345436,154.163026615,154.424291238,171,50.73,38.98,8dbe52636a1a7667,results/e2e/images/ab_p3_gpu_P3_s20260929_i3.png,,,,99.95,31.509368896484375,False
ab,ab_p3_ov,ov_dq32,,20,1024x1024,1,P3,20260929,0,P3_s20260929_i0,,1.687398602,1.51688689,0.162106875,0.000324049,148.322069391,1.721900985,2.66159731,0.232630958,154.404291356,154.679426541,171,34.39,55.52,b66244f56f312e14,results/e2e/images/ab_p3_ov_P3_s20260929_i0.png,,,,99.17,14.413612365722656,False
ab,ab_p3_ov,ov_dq32,,20,1024x1024,1,P3,20260929,1,P3_s20260929_i1,,1.049806733,0.861393305,0.176833083,0.000649321,149.678632423,,2.240406664,0.260758579,152.971138751,153.264291778,171,34.39,55.45,b66244f56f312e14,results/e2e/images/ab_p3_ov_P3_s20260929_i1.png,,,,99.53,22.6663818359375,False
ab,ab_p3_ov,ov_dq32,,20,1024x1024,1,P3,20260929,2,P3_s20260929_i2,,0.978375531,0.818539244,0.156462399,0.000393869,149.214286073,,2.254903228,0.225361749,152.449494945,152.705087117,171,34.39,55.45,b66244f56f312e14,results/e2e/images/ab_p3_ov_P3_s20260929_i2.png,,,,99.53,20.2620849609375,False
ab,ab_p3_ov,ov_dq32,,20,1024x1024,1,P3,20260929,3,P3_s20260929_i3,,0.993289898,0.831661117,0.158423446,0.000344841,149.258534687,,2.263082691,0.231231153,152.516927389,152.781652353,171,34.39,55.45,b66244f56f312e14,results/e2e/images/ab_p3_ov_P3_s20260929_i3.png,,,,99.51,29.4202880859375,False
smoke,smoke_gpu,gpu,,4,1024x1024,1,P1,7,0,P1_s7_i0,0.000867773,1.778177057,,,,28.087906705,2.883679426,2.671313229,0.202993077,35.437138815,35.692260082,25,50.73,38.99,ad919bf47c03556b,results/e2e/images/smoke_gpu_P1_s7_i0.png,,,,94.68,30.918376922607422,False
smoke,smoke_gpu,gpu,,4,1024x1024,1,P1,7,1,P1_s7_i1,0.00180747,1.260422738,,,,27.354527163,2.883679426,2.895244318,0.19573205,31.530116996,31.758051565,25,50.73,38.98,ad919bf47c03556b,results/e2e/images/smoke_gpu_P1_s7_i1.png,,,,99.37,31.522418975830078,False
smoke,smoke_ov,ov_dq32,,4,1024x1024,?,P1,7,0,P1_s7_i0,,0.91769576,0.759066928,0.151483656,0.000185988,40.309231099,2.670943206,2.574421384,0.16818605,46.475036024,46.681903206,25,34.38,55.5,b55c5789db199006,results/e2e/images/smoke_ov_P1_s7_i0.png,,,,96.66,16.098224639892578,False
smoke,smoke_ov_aot,ov_dq32,,4,1024x1024,?,P1,7,0,P1_s7_i0,,1.042231882,0.88355634,0.151713713,0.000169968,27.541908209,2.542947606,2.502959241,0.190181135,33.633026342,33.854486206,25,34.39,55.53,35622fa574f8d00b,results/e2e/images/smoke_ov_aot_P1_s7_i0.png,,,,96.01,14.38930892944336,False
smoke,smoke_ov_aot,ov_dq32,,4,1024x1024,?,P1,7,1,P1_s7_i1,,0.361414663,0.196411928,0.162495716,9.4006e-05,27.065211968,2.542947606,2.405289226,0.186933971,29.833243049,30.049352733,25,34.39,55.47,35622fa574f8d00b,results/e2e/images/smoke_ov_aot_P1_s7_i1.png,,,,98.05,17.007312774658203,False
