group,tag,route,dq,gtt_baseline,gtt_post_load_gib,gtt_peak_gib,gtt_delta_peak_gib,rss_baseline,rss_post_load_gib,rss_peak_gib,rss_delta_peak_gib,memavail_baseline,memavail_min_gib,memavail_consumed_gib,gpu_busy_dit_mean,gpu_busy_dit_max,gpu_power_dit_mean_w,cpu_pkg_energy_wh
ab,ab_p1_gpu,gpu,,0.3,51.86,51.86,51.56,1.06,15.97,32.01,30.95,90.14,37.43,52.71,99.8,100.0,58.0,
ab,ab_p1_ov,ov,,0.29,35.4,35.4,35.11,1.06,30.12,30.12,29.06,90.09,46.58,43.51,99.4,100.0,54.1,
ab,ab_p2_gpu,gpu,,0.29,51.86,51.86,51.57,1.06,15.96,32.0,30.94,90.01,37.21,52.8,99.7,100.0,52.4,
ab,ab_p2_ov,ov,,0.29,35.4,35.4,35.11,1.06,30.12,30.12,29.06,90.13,46.87,43.26,99.4,100.0,53.0,
ab,ab_p3_gpu,gpu,,0.29,51.86,51.86,51.57,1.06,15.97,32.01,30.95,90.18,37.74,52.44,99.7,100.0,52.3,
ab,ab_p3_ov,ov,,0.29,35.4,35.4,35.11,1.05,30.12,30.12,29.07,90.26,47.01,43.25,99.4,100.0,52.3,
smoke,smoke_gpu,gpu,,0.29,51.86,51.86,51.57,1.06,15.97,31.98,30.91,89.47,37.34,52.12,97.0,100.0,59.4,
smoke,smoke_ov,ov,,0.28,35.33,35.33,35.05,1.03,29.93,29.93,28.89,88.59,46.4,42.19,96.7,100.0,59.0,
smoke,smoke_ov_aot,ov,,0.29,35.4,35.4,35.11,1.06,29.96,29.96,28.89,89.35,46.42,42.92,97.0,100.0,59.3,
