group,route,steps,res,prompt,n,e2e_median_s,e2e_mean_s,e2e_std_s,e2e_min_s,e2e_max_s,e2e_cv_pct,e2e_ci95,enc_median_s,dit_median_s,vae_median_s
ab,gpu,20,1024x1024,P3,9,154.173,151.08,5.226,141.44,154.992,3.46,"(147.201, 154.503)",2.642,149.031,2.431
ab,native,20,1024x1024,P3,3,248.868,249.683,1.945,248.279,251.903,0.78,"(248.279, 251.903)",99.436,148.843,2.221
ab,ov_dq32,20,1024x1024,P3,9,151.254,150.731,1.98,147.185,152.971,1.31,"(149.406, 152.517)",1.006,147.952,2.255
dq,ov_dq32,20,1024x1024,P3,6,153.38,153.442,0.436,152.978,154.192,0.28,"(153.032, 153.915)",0.884,150.003,2.294
matrix,gpu,20,1024x1024,P1,1,155.178,155.178,,155.178,155.178,,,1.351,151.441,2.382
matrix,gpu,20,1024x1024,P2,1,154.177,154.177,,154.177,154.177,,,2.003,149.944,2.225
matrix,gpu,20,1024x1024,P3,1,155.071,155.071,,155.071,155.071,,,2.691,150.139,2.237
matrix,gpu,20,1024x1024,P4,1,152.56,152.56,,152.56,152.56,,,1.296,149.023,2.234
matrix,gpu,20,1024x1024,P5,1,157.063,157.063,,157.063,157.063,,,4.142,150.662,2.253
matrix,gpu,20,1328x1328,P3,1,384.007,384.007,,384.007,384.007,,,2.758,375.244,5.95
matrix,gpu,40,1024x1024,P3,1,305.805,305.805,,305.805,305.805,,,2.653,300.464,2.684
matrix,ov_dq32,20,1024x1024,P1,1,152.421,152.421,,152.421,152.421,,,0.348,149.657,2.414
matrix,ov_dq32,20,1024x1024,P2,1,153.679,153.679,,153.679,153.679,,,0.613,150.565,2.488
matrix,ov_dq32,20,1024x1024,P3,2,182.128,182.128,41.422,152.839,211.418,22.74,,1.002,178.82,2.305
matrix,ov_dq32,20,1024x1024,P4,1,150.984,150.984,,150.984,150.984,,,0.33,148.437,2.216
matrix,ov_dq32,20,1024x1024,P5,1,153.645,153.645,,153.645,153.645,,,1.49,149.918,2.235
matrix,ov_dq32,20,1328x1328,P3,1,380.748,380.748,,380.748,380.748,,,0.996,375.033,4.709
matrix,ov_dq32,40,1024x1024,P3,1,304.625,304.625,,304.625,304.625,,,1.047,301.248,2.319
smoke,gpu,4,1024x1024,P1,1,31.53,31.53,,31.53,31.53,,,1.26,27.355,2.895
smoke,ov_dq32,4,1024x1024,P1,1,29.833,29.833,,29.833,29.833,,,0.361,27.065,2.405
throughput,ov_dq32,20,1024x1024,P3,4,227.605,228.57,95.288,145.445,313.625,41.69,"(145.445, 313.625)",1.03,223.386,3.091
