tag,img,label,gpu_temp_c_mean,gpu_temp_c_max,cpu_temp_c_mean,cpu_temp_c_max,cpu_freq_mhz_mean,cpu_freq_mhz_max,gpu_power_w_mean,gpu_power_w_max,dit_s
pm_gpu,0,P1_s20260929_i0,67.8,69.0,68.7,98.5,1835.2,3132.0,51.0,51.1,152.922923023
pm_gpu,1,P1_s20260929_i1,68.0,70.0,68.6,75.5,1830.3,1925.0,51.2,52.0,151.441182134
pm_gpu,2,P2_s20260929_i0,68.3,71.0,69.0,73.0,1829.6,1966.0,51.9,52.1,150.993658858
pm_gpu,3,P2_s20260929_i1,68.4,70.0,69.1,73.4,1837.1,1988.0,52.0,53.0,149.944450959
pm_gpu,4,P3_s20260929_i0,68.5,71.0,69.3,71.8,1850.8,2025.0,52.1,53.0,149.858955736
pm_gpu,5,P3_s20260929_i1,68.5,70.0,69.3,72.1,1862.9,2027.0,52.1,53.0,150.138943942
pm_gpu,6,P4_s20260929_i0,68.5,71.0,69.3,74.6,1850.3,2022.0,52.1,53.0,149.017944029
pm_gpu,7,P4_s20260929_i1,68.4,71.0,69.2,74.0,1845.8,1995.0,52.1,53.0,149.023174146
pm_gpu,8,P5_s20260929_i0,68.4,71.0,69.2,75.6,1854.0,3354.0,52.1,53.0,151.006423896
pm_gpu,9,P5_s20260929_i1,68.4,70.0,69.1,70.4,1845.7,2010.0,52.1,53.0,150.66178584
pm_ov,0,P1_s20260929_i0,68.4,70.0,69.6,99.8,1867.3,4063.0,52.1,54.0,149.619477798
pm_ov,1,P1_s20260929_i1,68.4,70.0,69.3,84.0,1859.4,3496.0,52.0,53.0,149.656931598
pm_ov,2,P2_s20260929_i0,68.3,70.0,69.2,83.1,1854.4,3448.0,52.1,53.0,149.869808617
pm_ov,3,P2_s20260929_i1,68.4,70.0,69.2,81.5,1892.9,3488.0,52.1,53.1,150.565207762
pm_ov,4,P3_s20260929_i0,68.4,71.0,69.2,82.6,1857.2,3454.0,52.0,53.1,150.28889566
pm_ov,5,P3_s20260929_i1,68.5,70.0,69.3,77.9,1868.5,3460.0,52.1,53.0,149.559776797
pm_ov,6,P4_s20260929_i0,68.4,70.0,69.2,80.4,1858.3,3349.0,52.1,53.0,148.283885431
pm_ov,7,P4_s20260929_i1,68.4,70.0,69.3,80.4,1852.9,3576.0,52.1,53.0,148.436728882
pm_ov,8,P5_s20260929_i0,68.3,70.0,69.1,78.1,1850.9,3563.0,52.1,53.0,150.156789994
pm_ov,9,P5_s20260929_i1,68.3,70.0,69.1,78.9,1847.5,3459.0,52.1,53.0,149.917597736
