ab_p1_gpu,1790696765.823864376,1790697357.900449038
ab_p1_ov,1790697357.903671136,1790697971.990774708
ab_p2_ov,1790697971.994110916,1790698597.216738484
ab_p2_gpu,1790698597.219939183,1790699242.146051370
ab_p3_gpu,1790699242.150072944,1790699886.203559389
ab_p3_ov,1790699886.206253386,1790700517.387890229
ab_p1_native,1790700564.488160263,1790701571.278399523
contd_ov,1790702594.027417455,1790703044.152719658
contd_ov_enc,1790703044.155001743,1790703978.386087458
pm_gpu,1790703978.397665397,1790705554.856246931
pm_ov,1790705554.859188965,1790707116.826449751
pm_native,1790707116.828906432,1790708378.485009730
sm40_gpu,1790708378.504491430,1790709010.297346624
sm40_ov,1790709010.300678613,1790709647.836274326
rm1328_gpu,1790709647.845185304,1790710444.759975932
rm1328_ov,1790710444.762603727,1790711228.807915146
cfg_default_kernel,1790711228.818890820,1790711673.428017578
dq0_s1,1790711673.436604851,1790711995.745591570
dq0_s2,1790711995.749480711,1790712322.704603999
dq64_s1,1790712322.707188309,1790712644.686006161
dq64_s2,1790712644.688738004,1790712969.550470406
dq128_s1,1790712969.552865390,1790713291.243782883
dq128_s2,1790713291.246133471,1790713615.886416640
ovcache_cold,1790713615.899221336,1790713667.242803079
ovcache_cold2,1790713667.245920744,1790713717.261023386
ovcache_warm,1790713717.264237511,1790713765.851865203
det_test,1790713765.862838002,1790713950.726651207
cont_gpu,1790713978.560749201,1790714757.991199034
cont_ov,1790714757.997594733,1790715544.811016206
cont_ov10,1790715544.813876929,1790717101.521208983
pipe_ov5,1790717101.533387044,1790717890.712962299
pipe_ov10,1790717890.715629506,1790719575.409882850
kn20_aot,1790719580.410747773,1790719975.003038679
kn20_def,1790719975.006953078,1790720469.560443252
det_test,1790720469.572388517,1790720653.826559713
q_gpu,1790720653.836582564,1790725252.285650765
q_dq32,1790725252.288784908,1790729808.794783490
q_dq64,1790729808.805827481,1790731683.002567383
q_dq128,1790731683.005805681,1790733541.957270754
rs_gpu,1790733541.968447268,1790734372.025587480
rs_dq128,1790734372.028946581,1790735170.996472437
rs_gpu,1790735616.470993946,1790739432.551900482
rs_dq128,1790739432.555618516,1790743373.487447066
