isa_setting,default_run_ok,default_correct,default_exec_types,default_error,f32_run_ok,f32_correct,f32_exec_types,f32_error,verbose_isa_header,verbose_impl_f32
SSE41,False,,,RuntimeError('Exception from src/inference/src/cpp/core.cpp:117:\nException from src/inference/src/dev/plugin.cpp:54:\ncould not create a primitive descriptor for the inner product forward propagation primitive. Run workload with environment variable ONEDNN_VERBOSE=all to get additional diagnostic information.\n\n'),True,True,"{'unknown_f32': 2, 'gemm_mlas_f32': 1}",,,
AVX,False,,,RuntimeError('Exception from src/inference/src/cpp/core.cpp:117:\nException from src/inference/src/dev/plugin.cpp:54:\ncould not create a primitive descriptor for the inner product forward propagation primitive. Run workload with environment variable ONEDNN_VERBOSE=all to get additional diagnostic information.\n\n'),True,True,"{'unknown_f32': 2, 'gemm_mlas_f32': 1}",,,
AVX2,False,,,RuntimeError('Exception from src/inference/src/cpp/core.cpp:117:\nException from src/inference/src/dev/plugin.cpp:54:\ncould not create a primitive descriptor for the inner product forward propagation primitive. Run workload with environment variable ONEDNN_VERBOSE=all to get additional diagnostic information.\n\n'),True,True,"{'unknown_f32': 2, 'gemm_mlas_f32': 1}",,Intel AVX2,
AVX2_VNNI,False,,,RuntimeError('Exception from src/inference/src/cpp/core.cpp:117:\nException from src/inference/src/dev/plugin.cpp:54:\ncould not create a primitive descriptor for the inner product forward propagation primitive. Run workload with environment variable ONEDNN_VERBOSE=all to get additional diagnostic information.\n\n'),True,True,"{'unknown_f32': 2, 'gemm_mlas_f32': 1}",,Intel AVX2 with Intel DL Boost,
AVX512_CORE,True,True,"{'unknown_f32': 2, 'jit_uni_f32': 1, 'jit_gemm_bf16': 1}",,True,True,"{'unknown_f32': 2, 'gemm_mlas_f32': 1}",,,
AVX512_CORE_VNNI,True,True,"{'unknown_f32': 2, 'jit_uni_f32': 1, 'jit_gemm_bf16': 1}",,True,True,"{'unknown_f32': 2, 'gemm_mlas_f32': 1}",,Intel AVX-512 with Intel DL Boost,jit:uni
AVX512_CORE_BF16,True,True,"{'unknown_f32': 2, 'jit_uni_f32': 1, 'brgemm_avx512_bf16': 1}",,True,True,"{'unknown_f32': 2, 'gemm_mlas_f32': 1}",,Intel AVX-512 with Intel DL Boost and bfloat16 support,jit:uni
AVX512_CORE_FP16,True,True,"{'unknown_f32': 2, 'jit_uni_f32': 1, 'brgemm_avx512_bf16': 1}",,True,True,"{'unknown_f32': 2, 'gemm_mlas_f32': 1}",,,
AVX512_CORE_AMX,True,True,"{'unknown_f32': 2, 'jit_uni_f32': 1, 'brgemm_avx512_bf16': 1}",,True,True,"{'unknown_f32': 2, 'gemm_mlas_f32': 1}",,Intel AVX-512 with Intel DL Boost and bfloat16 support,jit:uni
AVX512_CORE_AMX_INT8,True,True,"{'unknown_f32': 2, 'jit_uni_f32': 1, 'brgemm_avx512_bf16': 1}",,True,True,"{'unknown_f32': 2, 'gemm_mlas_f32': 1}",,,
AVX512_CORE_AMX_BF16,True,True,"{'unknown_f32': 2, 'jit_uni_f32': 1, 'brgemm_avx512_bf16': 1}",,True,True,"{'unknown_f32': 2, 'gemm_mlas_f32': 1}",,Intel AVX-512 with Intel DL Boost and bfloat16 support,jit:uni
BEST,True,True,"{'unknown_f32': 2, 'jit_uni_f32': 1, 'brgemm_avx512_bf16': 1}",,True,True,"{'unknown_f32': 2, 'gemm_mlas_f32': 1}",,,
ALL,True,True,"{'unknown_f32': 2, 'jit_uni_f32': 1, 'brgemm_avx512_bf16': 1}",,True,True,"{'unknown_f32': 2, 'gemm_mlas_f32': 1}",,Intel AVX-512 with Intel DL Boost and bfloat16 support,jit:uni
NOT_A_REAL_ISA,True,True,"{'unknown_f32': 2, 'jit_uni_f32': 1, 'brgemm_avx512_bf16': 1}",,True,True,"{'unknown_f32': 2, 'gemm_mlas_f32': 1}",,,
(none),True,True,"{'unknown_f32': 2, 'jit_uni_f32': 1, 'brgemm_avx512_bf16': 1}",,True,True,"{'unknown_f32': 2, 'gemm_mlas_f32': 1}",,,
