config,proc,prompt,warm_p50_s,warm_mean_s,warm_std_s,warm_min_s,warm_max_s,cv,read_s,compile_s,rss_gib,cos_hostA,rc
default,1,P1,0.18554,0.18708,0.00566,0.17966,0.19699,0.0302,0.102,1.064,0.31,,0
default,1,P2,0.43752,0.43995,0.01660,0.42032,0.47439,0.0377,0.102,1.064,0.31,,0
default,1,P3,0.88997,0.90653,0.03689,0.87754,0.99584,0.0407,0.102,1.064,0.31,,0
isa_bf16,1,P1,0.18692,0.19017,0.00946,0.18176,0.21201,0.0498,0.100,1.062,0.30,,0
isa_bf16,1,P2,0.41811,0.42096,0.00648,0.41480,0.43691,0.0154,0.100,1.062,0.30,,0
isa_bf16,1,P3,0.87842,0.88646,0.03106,0.86364,0.97782,0.0350,0.100,1.062,0.30,,0
vnni_f32,1,P1,0.19170,0.19254,0.00418,0.18491,0.20052,0.0217,0.103,1.069,0.30,,0
vnni_f32,1,P2,0.42649,0.43081,0.00997,0.41982,0.45001,0.0231,0.103,1.069,0.30,,0
vnni_f32,1,P3,0.90646,0.90973,0.01143,0.89885,0.94142,0.0126,0.103,1.069,0.30,,0
core_f32,1,P1,0.17468,0.17535,0.00453,0.16909,0.18579,0.0258,0.100,1.057,0.30,,0
core_f32,1,P2,0.42479,0.42493,0.00577,0.41743,0.43620,0.0136,0.100,1.057,0.30,,0
core_f32,1,P3,0.88876,0.88756,0.00785,0.87625,0.89823,0.0088,0.100,1.057,0.30,,0
dq0,1,P1,0.26325,0.26341,0.00501,0.25568,0.27066,0.0190,0.100,1.065,0.30,,0
dq0,1,P2,0.65159,0.65000,0.00736,0.63587,0.66024,0.0113,0.100,1.065,0.30,,0
dq0,1,P3,1.26263,1.27017,0.02353,1.24581,1.30780,0.0185,0.100,1.065,0.30,,0
dq128,1,P1,0.15872,0.15934,0.00399,0.15431,0.16634,0.0251,0.102,1.067,0.30,,0
dq128,1,P2,0.37862,0.37714,0.00394,0.36991,0.38206,0.0105,0.102,1.067,0.30,,0
dq128,1,P3,0.73935,0.74148,0.00961,0.72979,0.75771,0.0130,0.102,1.067,0.30,,0
default,2,P1,0.19911,0.19878,0.00326,0.19451,0.20594,0.0164,0.100,1.060,0.30,,0
default,2,P2,0.44673,0.45250,0.01403,0.43514,0.48448,0.0310,0.100,1.060,0.30,,0
default,2,P3,0.94483,0.95264,0.03879,0.91849,1.06339,0.0407,0.100,1.060,0.30,,0
isa_bf16,2,P1,0.19596,0.19436,0.00611,0.18406,0.20674,0.0315,0.101,1.080,0.30,,0
isa_bf16,2,P2,0.43465,0.43426,0.00536,0.42518,0.44517,0.0123,0.101,1.080,0.30,,0
isa_bf16,2,P3,0.88211,0.89243,0.02223,0.87551,0.94883,0.0249,0.101,1.080,0.30,,0
vnni_f32,2,P1,0.19711,0.19850,0.00533,0.19174,0.21146,0.0269,0.103,1.062,0.30,,0
vnni_f32,2,P2,0.44824,0.44943,0.00493,0.44340,0.45834,0.0110,0.103,1.062,0.30,,0
vnni_f32,2,P3,0.96180,0.95691,0.01275,0.92850,0.97110,0.0133,0.103,1.062,0.30,,0
core_f32,2,P1,0.17728,0.17882,0.00467,0.17413,0.19034,0.0261,0.103,1.070,0.30,,0
core_f32,2,P2,0.44222,0.44331,0.00822,0.43322,0.46339,0.0185,0.103,1.070,0.30,,0
core_f32,2,P3,0.90392,0.90540,0.00688,0.89710,0.91812,0.0076,0.103,1.070,0.30,,0
dq0,2,P1,0.26946,0.26879,0.00262,0.26280,0.27182,0.0098,0.099,1.066,0.30,,0
dq0,2,P2,0.64253,0.64253,0.01130,0.62869,0.65789,0.0176,0.099,1.066,0.30,,0
dq0,2,P3,1.30671,1.29162,0.02901,1.24304,1.32369,0.0225,0.099,1.066,0.30,,0
dq128,2,P1,0.15479,0.15494,0.00412,0.15024,0.16348,0.0266,0.100,1.072,0.30,,0
dq128,2,P2,0.38056,0.37956,0.00558,0.36676,0.38619,0.0147,0.100,1.072,0.30,,0
dq128,2,P3,0.73025,0.73603,0.02115,0.72086,0.79817,0.0287,0.100,1.072,0.30,,0
default,3,P1,0.19216,0.19204,0.00283,0.18646,0.19636,0.0147,0.099,1.067,0.30,,0
default,3,P2,0.43754,0.43741,0.00660,0.42721,0.44660,0.0151,0.099,1.067,0.30,,0
default,3,P3,0.93113,0.93458,0.01285,0.91720,0.96080,0.0137,0.099,1.067,0.30,,0
isa_bf16,3,P1,0.18589,0.18662,0.00433,0.18017,0.19602,0.0232,0.099,1.066,0.30,,0
isa_bf16,3,P2,0.41484,0.41558,0.00404,0.40997,0.42355,0.0097,0.099,1.066,0.30,,0
isa_bf16,3,P3,0.92443,0.92514,0.00582,0.91480,0.93597,0.0063,0.099,1.066,0.30,,0
vnni_f32,3,P1,0.19735,0.19703,0.00271,0.19229,0.20106,0.0138,0.102,1.063,0.30,,0
vnni_f32,3,P2,0.44657,0.44809,0.00686,0.44184,0.46486,0.0153,0.102,1.063,0.30,,0
vnni_f32,3,P3,0.97519,0.97471,0.01007,0.95760,0.99315,0.0103,0.102,1.063,0.30,,0
core_f32,3,P1,0.18054,0.18027,0.00409,0.17073,0.18569,0.0227,0.103,1.068,0.30,,0
core_f32,3,P2,0.44235,0.44548,0.00745,0.43693,0.45751,0.0167,0.103,1.068,0.30,,0
core_f32,3,P3,0.90417,0.90197,0.01217,0.87268,0.91600,0.0135,0.103,1.068,0.30,,0
dq0,3,P1,0.25591,0.25701,0.00507,0.24882,0.26748,0.0197,0.101,1.063,0.30,,0
dq0,3,P2,0.63644,0.63637,0.00528,0.62957,0.64685,0.0083,0.101,1.063,0.30,,0
dq0,3,P3,1.31383,1.31389,0.00682,1.30512,1.32703,0.0052,0.101,1.063,0.30,,0
dq128,3,P1,0.15649,0.15742,0.00504,0.15134,0.16733,0.0320,0.101,1.059,0.30,,0
dq128,3,P2,0.37851,0.38119,0.00694,0.37156,0.39353,0.0182,0.101,1.059,0.30,,0
dq128,3,P3,0.74843,0.75107,0.01107,0.73903,0.77365,0.0147,0.101,1.059,0.30,,0
err_avx2,1,FAILED,,,,,,,,,,,,1
err_avx2_vnni,1,FAILED,,,,,,,,,,,,1
err_core,1,FAILED,,,,,,,,,,,,1
err_vnni,1,FAILED,,,,,,,,,,,,1
