config,run,prompt,n_tokens,p50_s,mean_s,std_s,cv,min_s,max_s,compile_s
AVX2VNNI_F32,r1,P1,39,0.242649,0.241080,0.003991,0.0166,0.236239,0.246906,1.232
AVX2VNNI_F32,r1,P2,81,0.518305,0.520776,0.011813,0.0227,0.505673,0.538632,1.232
AVX2VNNI_F32,r1,P3,185,1.044319,1.048279,0.023369,0.0223,1.019079,1.080401,1.232
AVX2VNNI_F32,r2,P1,39,0.243897,0.243270,0.004691,0.0193,0.236566,0.249402,1.192
AVX2VNNI_F32,r2,P2,81,0.525814,0.524084,0.011190,0.0214,0.509312,0.542996,1.192
AVX2VNNI_F32,r2,P3,185,1.051546,1.042380,0.025289,0.0243,1.011025,1.080255,1.192
AVX2VNNI_F32,r3,P1,39,0.241198,0.241018,0.004793,0.0199,0.235335,0.247644,1.167
AVX2VNNI_F32,r3,P2,81,0.513745,0.517941,0.010657,0.0206,0.506870,0.535765,1.167
AVX2VNNI_F32,r3,P3,185,1.044784,1.047120,0.018802,0.0180,1.018912,1.077739,1.167
AVX512_F32,r1,P1,39,0.171629,0.171266,0.001550,0.0091,0.168871,0.173847,1.125
AVX512_F32,r1,P2,81,0.375769,0.373915,0.005129,0.0137,0.367472,0.382098,1.125
AVX512_F32,r1,P3,185,0.672890,0.672552,0.007455,0.0111,0.660355,0.684319,1.125
AVX512_F32,r2,P1,39,0.167834,0.167935,0.002182,0.0130,0.164454,0.172286,1.094
AVX512_F32,r2,P2,81,0.378034,0.377225,0.003954,0.0105,0.369487,0.383373,1.094
AVX512_F32,r2,P3,185,0.675215,0.673538,0.009051,0.0134,0.659828,0.687523,1.094
AVX512_F32,r3,P1,39,0.170108,0.169519,0.001907,0.0112,0.165590,0.172248,1.221
AVX512_F32,r3,P2,81,0.370248,0.370361,0.003515,0.0095,0.365000,0.376372,1.221
AVX512_F32,r3,P3,185,0.673976,0.670174,0.009928,0.0148,0.654689,0.683327,1.221
BF16CEIL,r1,P1,39,0.186809,0.185785,0.003298,0.0178,0.180954,0.190747,1.223
BF16CEIL,r1,P2,81,0.376747,0.374240,0.011041,0.0295,0.358353,0.391930,1.223
BF16CEIL,r1,P3,185,0.669514,0.678682,0.020635,0.0304,0.658049,0.723475,1.223
BF16CEIL,r2,P1,39,0.189281,0.188694,0.001707,0.0090,0.186130,0.191148,1.332
BF16CEIL,r2,P2,81,0.371818,0.369096,0.010469,0.0284,0.354728,0.384839,1.332
BF16CEIL,r2,P3,185,0.714978,0.708979,0.017575,0.0248,0.663657,0.727739,1.332
BF16CEIL,r3,P1,39,0.182714,0.182956,0.002880,0.0157,0.179288,0.187241,1.240
BF16CEIL,r3,P2,81,0.377660,0.377724,0.006188,0.0164,0.369699,0.387198,1.240
BF16CEIL,r3,P3,185,0.720999,0.718350,0.009413,0.0131,0.696704,0.730550,1.240
DEFAULT,r1,P1,39,0.192350,0.192050,0.002943,0.0153,0.187870,0.198779,1.108
DEFAULT,r1,P2,81,0.376307,0.373355,0.010772,0.0289,0.358338,0.386934,1.108
DEFAULT,r1,P3,185,0.663872,0.672742,0.025330,0.0377,0.651965,0.728929,1.108
DEFAULT,r2,P1,39,0.176508,0.178239,0.005963,0.0335,0.171889,0.189700,1.046
DEFAULT,r2,P2,81,0.380943,0.379940,0.003705,0.0098,0.373501,0.384667,1.046
DEFAULT,r2,P3,185,0.706970,0.703841,0.018785,0.0267,0.669550,0.731591,1.046
DEFAULT,r3,P1,39,0.175609,0.176648,0.004319,0.0244,0.172934,0.187355,1.131
DEFAULT,r3,P2,81,0.374683,0.372227,0.009020,0.0242,0.359248,0.385499,1.131
DEFAULT,r3,P3,185,0.710544,0.708597,0.011250,0.0159,0.687431,0.726155,1.131
DEFAULT_F32,r1,P1,39,0.182861,0.182216,0.003105,0.0170,0.177502,0.187864,1.245
DEFAULT_F32,r1,P2,81,0.376632,0.374657,0.005215,0.0139,0.365419,0.381139,1.245
DEFAULT_F32,r1,P3,185,0.723077,0.721669,0.011302,0.0157,0.705277,0.740715,1.245
DEFAULT_F32,r2,P1,39,0.185826,0.185532,0.003304,0.0178,0.180405,0.192249,1.241
DEFAULT_F32,r2,P2,81,0.376371,0.374592,0.004491,0.0120,0.366026,0.379850,1.241
DEFAULT_F32,r2,P3,185,0.732388,0.723042,0.013303,0.0184,0.706731,0.737456,1.241
DEFAULT_F32,r3,P1,39,0.182344,0.182578,0.003032,0.0166,0.179233,0.188399,1.225
DEFAULT_F32,r3,P2,81,0.378348,0.377145,0.003522,0.0093,0.370888,0.381434,1.225
DEFAULT_F32,r3,P3,185,0.728455,0.724283,0.012669,0.0175,0.708530,0.741626,1.225
VNNI512_F32,r1,P1,39,0.186143,0.187200,0.004558,0.0243,0.181192,0.197728,1.115
VNNI512_F32,r1,P2,81,0.372929,0.374147,0.004506,0.0120,0.367498,0.381248,1.115
VNNI512_F32,r1,P3,185,0.727538,0.724641,0.014704,0.0203,0.707555,0.746456,1.115
VNNI512_F32,r2,P1,39,0.184267,0.185466,0.002692,0.0145,0.182341,0.191394,1.253
VNNI512_F32,r2,P2,81,0.376341,0.376287,0.003247,0.0086,0.369944,0.380521,1.253
VNNI512_F32,r2,P3,185,0.736315,0.728557,0.014948,0.0205,0.704433,0.748997,1.253
VNNI512_F32,r3,P1,39,0.183510,0.182781,0.003126,0.0171,0.177415,0.188490,1.240
VNNI512_F32,r3,P2,81,0.378081,0.378175,0.003123,0.0083,0.372458,0.383299,1.240
VNNI512_F32,r3,P3,185,0.722184,0.724545,0.014132,0.0195,0.707151,0.745447,1.240
