prompt_id,phase,iter,latency_s
P1,warmup,0.958675849
P1,first,0.179503485
P1,warm_0,0.186334768
P1,warm_1,0.183361787
P1,warm_2,0.186329698
P1,warm_3,0.18058741
P1,warm_4,0.182902625
P1,warm_5,0.180178612
P1,warm_6,0.182056456
P1,warm_7,0.182795223
P1,warm_8,0.183904976
P1,warm_9,0.180737018
P2,warmup,0.393875447
P2,first,0.373468211
P2,warm_0,0.373925097
P2,warm_1,0.371622184
P2,warm_2,0.374112399
P2,warm_3,0.369481604
P2,warm_4,0.369682601
P2,warm_5,0.371953133
P2,warm_6,0.367136571
P2,warm_7,0.371804122
P2,warm_8,0.374779054
P2,warm_9,0.373021154
P3,warmup,0.72265688
P3,first,0.690781456
P3,warm_0,0.674911844
P3,warm_1,0.677451149
P3,warm_2,0.680714632
P3,warm_3,0.671035591
P3,warm_4,0.671681742
P3,warm_5,0.681721024
P3,warm_6,0.659745672
P3,warm_7,0.68071498
P3,warm_8,0.674789557
P3,warm_9,0.671865134
