timestamp_ns,rel_s,rss_bytes,vms_bytes,sys_used_bytes,sys_available_bytes,cpu_util_pct,proc_cpu_pct,num_threads,cpu_freq_mhz
14145429340095,0.000493514,193286144,6252728320,5378240512,95623016448,0.0,0.0,5,3323.7
14145528989676,0.100143095,203505664,6263615488,5388288000,95612968960,8.9,98.5,5,3323.7
14145578989654,0.150143073,212492288,6273290240,5388288000,95612968960,10.5,82.5,5,3323.7
14145628947363,0.200100782,215740416,6276677632,5415899136,95585357824,12.7,122.2,5,3323.7
14145678923096,0.250076515,216604672,6277955584,5457444864,95543812096,7.5,78.6,5,3323.7
14145729067124,0.300220543,217169920,6277955584,5458993152,95542263808,7.2,125.2,5,3323.7
14145778929274,0.350082693,218955776,6280630272,5458989056,95542267904,5.8,69.9,5,3323.7
14145829050910,0.400204329,219000832,6280630272,5459505152,95541751808,4.9,116.8,5,3323.7
14145880807797,0.451961216,219717632,6280630272,5459808256,95541448704,10.0,99.1,5,3323.7
14146053896294,0.625049713,273985536,6338072576,5497405440,95503851520,4.8,96.8,5,2871.1
14146057539222,0.628692641,274870272,13912711168,5497405440,95503851520,0.0,0.0,5,2871.1
14146057767178,0.628920597,274870272,13912711168,5497405440,95503851520,0.0,0.0,5,2871.1
14146078916982,0.650070401,286564352,13923614720,5500588032,95500668928,7.1,140.4,5,2871.1
14146128924945,0.700078364,308080640,13943328768,5525606400,95475650560,3.8,99.9,5,2871.1
14146178923781,0.7500772,309620736,13943701504,5525606400,95475650560,4.4,100.2,5,2871.1
14146228918159,0.800071578,322379776,13944258560,5525606400,95475650560,5.0,100.0,5,2871.1
14146278917736,0.850071155,335585280,13946310656,5527154688,95474102272,5.0,100.0,5,2871.1
14146328918496,0.900071915,335585280,13946310656,5527384064,95473872896,4.4,100.0,5,2871.1
14146378915690,0.950069109,336109568,13946310656,5527089152,95474167808,4.4,100.0,5,2871.1
14146428940334,1.000093753,336568320,13946310656,5527085056,95474171904,6.2,99.5,5,2871.1
14146478930314,1.050083733,337960960,13947584512,5529378816,95471878144,4.4,100.4,5,2871.1
14146528917328,1.100070747,337977344,13947584512,5527760896,95473496064,5.0,100.1,5,2871.1
14146578916034,1.150069453,337977344,13947584512,5527990272,95473266688,5.0,99.6,5,2692.0
14146628920822,1.200074241,337981440,13947584512,5527597056,95473659904,6.3,120.4,5,2692.0
14146678919518,1.250072937,337981440,13947584512,5527597056,95473659904,4.4,100.0,5,2692.0
14146728917663,1.300071082,337981440,13947584512,5527597056,95473659904,5.0,100.0,5,2692.0
14146778917250,1.350070669,338296832,13947899904,5527597056,95473659904,5.0,100.0,5,2692.0
14146828919092,1.400072511,338296832,13947899904,5525893120,95475363840,6.2,100.0,5,2692.0
14146878920203,1.450073622,338296832,13947899904,5523525632,95477731328,5.1,99.6,5,2692.0
14146928918779,1.500072198,338296832,13947899904,5521461248,95479795712,5.0,100.1,5,2692.0
14146978918888,1.550072307,338362368,13947899904,5521461248,95479795712,5.0,100.3,5,2692.0
14147028920409,1.600073828,338690048,13947899904,5518929920,95482327040,5.6,99.6,5,2692.0
14147078942288,1.650095707,343060480,13952696320,5523058688,95478198272,8.2,100.1,5,2882.6
14147128919494,1.700072913,343388160,13952696320,5522759680,95478497280,3.8,100.1,5,2882.6
14147178918621,1.75007204,343457792,13952696320,5522759680,95478497280,5.0,100.3,5,2882.6
14147228917217,1.800070636,344899584,13952696320,5522759680,95478497280,5.0,100.0,5,2882.6
14147278919520,1.850072939,353382400,15182221312,5523017728,95478239232,10.1,258.7,22,2882.6
14147328908348,1.900061767,383856640,15827664896,5539016704,95462240256,13.3,382.2,22,2882.6
14147378929125,1.950082544,942661632,18514726912,5814583296,95186673664,39.0,1187.8,56,2882.6
14147428930927,2.000084346,1859547136,19002912768,6308745216,94692511744,52.9,1540.2,56,2882.6
14147478926297,2.050079716,2753101824,19408171008,6795165696,94206091264,52.2,1584.6,56,2882.6
14147528929722,2.100083141,3520176128,19794087936,7207526400,93793730560,49.7,1458.8,56,2882.6
14147578928448,2.150081867,4292861952,20180004864,7589953536,93411303424,50.3,1519.7,56,2882.6
14147628928567,2.200081986,5067911168,20565921792,7992766464,93008490496,53.5,1520.0,56,3203.4
14147678933205,2.250086624,5900361728,21027344384,8417988608,92583268352,52.8,1558.2,56,3203.4
14147728925880,2.300079299,6869012480,21514252288,8888668160,92112588800,52.2,1579.4,56,3203.4
14147778930707,2.350084126,7766675456,21917429760,9381023744,91620233216,53.1,1600.3,56,3203.4
14147828932850,2.400086269,8701743104,22429507584,9811697664,91189559296,53.2,1559.6,56,3203.4
14147878927308,2.450080727,9671172096,22882861056,10338865152,90662391808,52.2,1541.4,56,3203.4
14147928924953,2.500078372,10519764992,23344766976,10734170112,90267086848,53.5,1599.8,56,3203.4
14147978932435,2.550085854,11560771584,23831674880,11266265088,89734991872,53.5,1558.9,56,3203.4
14148028926864,2.600080283,12443144192,24260022272,11700551680,89300705280,53.2,1622.9,56,3203.4
14148078931692,2.650085111,13501898752,24797265920,12265934848,88735322112,53.5,1599.6,56,3203.4
14148128935267,2.700088686,14519779328,25821773824,12783820800,88217436160,53.5,1577.4,56,3342.0
14148178934133,2.750087552,15545409536,25846001664,13266108416,87735148544,49.4,1500.7,56,3342.0
14148228990558,2.800143977,15594721280,25870983168,13305896960,87695360000,49.7,1434.8,56,3342.0
14148278939000,2.850092419,15594786816,25870983168,13297610752,87703646208,54.7,1624.6,56,3342.0
14148328929190,2.900082609,15594786816,25870983168,13297840128,87703416832,53.1,1619.9,56,3342.0
14148378927656,2.950081075,15619772416,25895964672,13323448320,87677808640,50.6,1462.5,56,3342.0
14148428926132,3.000079551,15619772416,25895964672,13324460032,87676796928,54.7,1615.8,56,3342.0
14148478935528,3.050088947,15619772416,25895964672,13324460032,87676796928,53.5,1602.4,56,3342.0
14148528929897,3.100083316,15619772416,25895964672,13324689408,87676567552,53.1,1619.4,56,3342.0
14148578936989,3.150090408,15621050368,25897242624,13356212224,87645044736,50.0,1479.8,56,3342.0
14148628928532,3.200081951,15621050368,25897242624,13356441600,87644815360,55.6,1598.7,56,3342.0
14148678935584,3.250089003,15621050368,25897242624,13356670976,87644585984,53.8,1621.6,56,3062.2
14148728927317,3.300080736,15643586560,25920303104,13377441792,87623815168,49.1,1490.3,56,3062.2
14148778933217,3.350086636,15644749824,25920942080,13377441792,87623815168,53.8,1575.8,56,3062.2
14148828935140,3.400088559,15644749824,25920942080,13373923328,87627333632,53.8,1602.3,56,3062.2
14148878928957,3.450082376,15644749824,25920942080,13371195392,87630061568,54.1,1601.1,56,3062.2
14148928935167,3.500088586,15644749824,25920942080,13374054400,87627202560,55.9,1519.6,56,3062.2
14148978934976,3.550088395,15644749824,25920942080,13374504960,87626752000,57.2,1615.0,56,3062.2
14149031033542,3.602186961,15644749824,25920942080,13375434752,87625822208,74.5,1594.3,56,3062.2
14149078934543,3.650087962,15644749824,25920942080,13376466944,87624790016,79.6,1588.6,56,3062.2
14149128928410,3.700081829,15644749824,25920942080,13377470464,87623786496,72.2,1498.7,56,3062.2
14149178929762,3.750083181,15644749824,25920942080,13377699840,87623557120,61.3,1602.9,56,3062.2
14149228937776,3.800091195,15644749824,25920942080,13377699840,87623557120,66.7,1597.1,56,3293.2
14149278936482,3.850089901,15644749824,25920942080,13378215936,87623041024,57.1,1621.9,56,3293.2
14149328943975,3.900097394,15649017856,25929330688,13377757184,87623499776,52.5,1437.1,56,3293.2
14149378944074,3.950097493,15653277696,25934913536,13378789376,87622467584,57.6,1578.2,56,3293.2
14149428955614,4.000109033,15653277696,25934913536,13378789376,87622467584,58.2,1603.8,56,3293.2
14149478954942,4.050108361,15653277696,25934913536,13378789376,87622467584,57.5,1596.6,56,3293.2
14149528944702,4.100098121,15653314560,25934913536,13355048960,87646208000,59.6,1619.8,56,3293.2
14149578950852,4.150104271,15653318656,25934913536,13354131456,87647125504,58.5,1578.3,56,3293.2
14149628932277,4.200085696,15653318656,25934913536,13354131456,87647125504,57.9,1625.0,56,3293.2
14149678960679,4.250114098,15633043456,25991274496,13354647552,87646609408,57.0,1579.6,56,3293.2
14149728952913,4.300106332,15733727232,26016800768,13446725632,87554531328,41.9,1140.8,56,3475.9
14149778945649,4.350099068,15733727232,26016800768,13446725632,87554531328,57.5,1571.0,56,3475.9
14149828940959,4.400094378,15733727232,26016800768,13444333568,87556923392,58.9,1631.3,56,3475.9
14149878952359,4.450105778,15733727232,26016800768,13444034560,87557222400,57.9,1578.0,56,3475.9
14149928942420,4.500095839,15733727232,26016800768,13441228800,87560028160,58.5,1615.4,56,3475.9
14149978932711,4.55008613,15733727232,26016800768,13441228800,87560028160,58.1,1581.3,56,3475.9
14150028955462,4.600108881,15733727232,26016800768,13441228800,87560028160,58.0,1597.5,56,3475.9
14150078933540,4.650086959,15733727232,26016800768,13441753088,87559503872,57.5,1605.4,56,3475.9
14150128946484,4.700099903,15760576512,26042327040,13468725248,87532531712,46.8,1321.2,56,3475.9
14150178961942,4.750115361,15760576512,26042327040,13468721152,87532535808,58.5,1571.6,56,3475.9
14150228951551,4.80010497,15760576512,26042327040,13467549696,87533707264,58.1,1618.1,56,3475.9
14150278947984,4.850101403,15760576512,26042327040,13467549696,87533707264,58.0,1629.8,56,3301.6
14150328953242,4.900106661,15760576512,26042327040,13467779072,87533477888,58.1,1596.2,56,3301.6
14150378951919,4.950105338,15760576512,26042327040,13467779072,87533477888,58.5,1600.2,56,3301.6
14150428944083,5.000097502,15760576512,26042327040,13465972736,87535284224,58.1,1579.9,56,3301.6
14150479111586,5.050265005,15760576512,26042327040,13512339456,87488917504,48.7,1341.5,56,3301.6
14150528931909,5.100085328,15760576512,26042327040,13512339456,87488917504,58.5,1596.4,56,3301.6
14150578941847,5.150095266,15760576512,26042327040,13512798208,87488458752,57.6,1596.5,56,3301.6
14150628933590,5.200087009,15760576512,26042327040,13512503296,87488753664,58.1,1600.1,56,3301.6
14150678940522,5.250093941,15760576512,26042327040,13512732672,87488524288,58.2,1629.8,56,3301.6
14150728946132,5.300099551,15760576512,26042327040,13511684096,87489572864,58.1,1596.2,56,3301.6
14150778950500,5.350103919,15760576512,26042327040,13511913472,87489343488,58.7,1578.0,56,3386.0
14150828947433,5.400100852,15760576512,26042327040,13512142848,87489114112,57.9,1601.6,56,3386.0
14150878936983,5.450090402,15760576512,26042327040,13503709184,87497547776,46.3,1276.1,56,3386.0
14150928944957,5.500098376,15760576512,26042327040,13501849600,87499407360,58.5,1632.2,56,3386.0
14150978948072,5.550101491,15760576512,26042327040,13502013440,87499243520,58.1,1605.8,56,3386.0
14151028974791,5.60012821,15760576512,26042327040,13502005248,87499251712,58.2,1585.8,56,3386.0
14151078939344,5.650092763,15760576512,26042327040,13502234624,87499022336,58.5,1624.9,56,3386.0
14151128953520,5.700106939,15760576512,26042327040,13502234624,87499022336,57.2,1591.6,56,3386.0
14151178953949,5.750107368,15760576512,26042327040,13500530688,87500726272,58.2,1606.5,56,3386.0
14151228931617,5.800085036,15760576512,26042327040,13500530688,87500726272,54.1,1483.8,56,3386.0
14151278952295,5.850105714,15760576512,26042327040,13500473344,87500783616,50.9,1397.3,56,3221.7
14151328957504,5.900110923,15760576512,26042327040,13500727296,87500529664,59.6,1594.9,56,3221.7
14151378930362,5.950083781,15760576512,26042327040,13500956672,87500300288,56.9,1624.9,56,3221.7
14151428928348,6.000081767,15760576512,26042327040,13500956672,87500300288,56.6,1595.7,56,3221.7
14151478954516,6.050107935,15760576512,26042327040,13500956672,87500300288,56.2,1597.9,56,3221.7
14151528936151,6.10008957,15760576512,26042327040,13500956672,87500300288,55.7,1630.1,56,3221.7
14151578946119,6.150099538,15760576512,26042327040,13501186048,87500070912,56.2,1553.4,56,3221.7
14151628948563,6.200101982,15760576512,26042327040,13500522496,87500734464,46.9,1301.1,56,3221.7
14151678951768,6.250105187,15760576512,26042327040,13500260352,87500996608,56.1,1619.1,56,3221.7
14151728975121,6.30012854,15760576512,26042327040,13500260352,87500996608,56.2,1574.1,56,3221.7
14151778947228,6.350100647,15760576512,26042327040,13499543552,87501713408,55.8,1608.3,56,3221.7
14151828932921,6.40008634,15760576512,26042327040,13499801600,87501455360,55.3,1602.1,56,3388.1
14151878937278,6.450090697,15760576512,26042327040,13490044928,87511212032,55.7,1620.9,56,3388.1
14151928953438,6.500106857,15760576512,26042327040,13490274304,87510982656,56.2,1572.8,56,3388.1
14151979017858,6.550171277,15766810624,26042327040,13489979392,87511277568,43.0,1244.5,56,3388.1
14152028947095,6.600100514,15810207744,26498904064,13519880192,87481376768,53.8,1576.4,72,3388.1
14152078941303,6.650094722,15819534336,26523611136,13525266432,87475990528,55.1,1600.5,72,3388.1
14152128955559,6.700108978,15819558912,26523611136,13525782528,87475474432,55.3,1618.6,72,3388.1
14152178934619,6.750088038,15819603968,26523611136,13526069248,87475187712,55.3,1584.2,72,3388.1
14152228930972,6.800084391,15819636736,26523611136,13526556672,87474700288,55.0,1620.7,72,3388.1
14152278941150,6.850094569,15819673600,26523611136,13525868544,87475388416,55.3,1579.5,72,3388.1
14152329009057,6.900162476,15819694080,26523611136,13526355968,87474900992,55.6,1577.9,72,3094.2
14152378935799,6.950089218,15819735040,26523611136,13526585344,87474671616,56.2,1597.3,72,3094.2
14152428936189,7.000089608,15819755520,26523611136,13526814720,87474442240,56.0,1604.7,72,3094.2
14152478941759,7.050095178,15819755520,26523611136,13526814720,87474442240,56.0,1577.1,72,3094.2
14152528939184,7.100092603,15819755520,26523611136,13525209088,87476047872,55.6,1622.1,72,3094.2
14152578928423,7.150081842,15819755520,26523611136,13525438464,87475818496,55.3,1598.5,72,3094.2
14152628931088,7.200084507,15785402368,26633629696,13568806912,87432450048,54.1,1482.7,72,3094.2
14152678942599,7.250096018,15991476224,26696835072,13840969728,87160287232,36.6,1060.4,72,3094.2
14152728935856,7.300089275,15991476224,26696835072,13841199104,87160057856,55.0,1580.5,72,3094.2
14152778937658,7.350091077,15991476224,26696835072,13840637952,87160619008,55.3,1621.6,72,3094.2
14152828940183,7.400093602,15991476224,26696835072,13836509184,87164747776,56.0,1577.8,72,3094.2
14152878939591,7.45009301,15991476224,26696835072,13836177408,87165079552,55.3,1600.0,72,3119.2
14152928939791,7.50009321,15991476224,26696835072,13836046336,87165210624,55.3,1621.8,72,3119.2
14152978970217,7.550123636,15991476224,26696835072,13836275712,87164981248,55.0,1573.8,72,3119.2
14153028938638,7.600092057,15991476224,26696835072,13836488704,87164768256,55.3,1603.9,72,3119.2
14153078935852,7.650089271,15991476224,26696835072,13835657216,87165599744,55.3,1562.0,72,3119.2
14153128939358,7.700092777,15991476224,26696835072,13834678272,87166578688,55.3,1618.1,72,3119.2
14153178941422,7.750094841,15991476224,26696835072,13834907648,87166349312,56.0,1600.1,72,3119.2
14153228948524,7.800101943,15991476224,26696835072,13834907648,87166349312,54.7,1597.5,72,3119.2
14153278938094,7.850091513,15991476224,26696835072,13834907648,87166349312,55.1,1584.1,72,3119.2
14153328943384,7.900096803,16043868160,26809270272,13837021184,87164235776,45.7,1336.9,72,3119.2
14153378949555,7.950102974,16060735488,26760040448,13896482816,87104774144,49.1,1361.0,72,3216.2
14153428945968,8.000099387,16060735488,26760040448,13896478720,87104778240,57.0,1600.5,72,3216.2
14153478932903,8.050086322,16060735488,26760040448,13896183808,87105073152,57.8,1597.7,72,3216.2
14153528936659,8.100090078,16060735488,26760040448,13896183808,87105073152,58.4,1584.9,72,3216.2
14153578934295,8.150087714,16060735488,26760040448,13896413184,87104843776,57.2,1591.3,72,3216.2
14153628934825,8.200088244,16060735488,26760040448,13889622016,87111634944,57.9,1589.6,72,3216.2
14153678932801,8.25008622,16060735488,26760040448,13889589248,87111667712,58.1,1600.4,72,3216.2
14153728942459,8.300095878,16060735488,26760040448,13889818624,87111438336,57.5,1576.9,72,3216.2
14153778930987,8.350084406,16060735488,26760040448,13889785856,87111471104,57.5,1579.8,72,3216.2
14153828933842,8.400087261,16060735488,26760040448,13889048576,87112208384,58.1,1601.4,72,3216.2
14153878939893,8.450093312,16060735488,26760040448,13885128704,87116128256,56.6,1601.4,72,3216.2
14153928936897,8.500090316,16060735488,26760040448,13884964864,87116292096,57.5,1556.6,72,3212.9
14153978937047,8.550090466,16060735488,26760040448,13884964864,87116292096,57.6,1600.4,72,3212.9
14154028924363,8.600077782,16064593920,26872475648,13885452288,87115804672,48.8,1344.9,72,3212.9
14154078925114,8.650078533,16063766528,26763071488,13943963648,87057293312,46.0,1256.7,72,3212.9
14154128944500,8.700097919,16063766528,26763071488,13944193024,87057063936,57.5,1600.6,72,3212.9
14154178931486,8.750084905,16063766528,26763071488,13944422400,87056834560,57.5,1575.8,72,3212.9
14154228935813,8.800089232,16063766528,26763071488,13944651776,87056605184,57.2,1581.1,72,3212.9
14154278952655,8.850106074,16063766528,26763071488,13943406592,87057850368,57.2,1601.2,72,3212.9
14154328937286,8.900090705,16063766528,26763071488,13943406592,87057850368,57.5,1597.8,72,3212.9
14154378940110,8.950093529,16063766528,26763071488,13943635968,87057620992,56.7,1583.2,72,3212.9
14154428933839,9.000087258,16063766528,26763071488,13943635968,87057620992,57.2,1576.4,72,3212.9
14154478946632,9.050100051,16063766528,26763071488,13943635968,87057620992,57.9,1599.2,72,3122.7
14154528945851,9.10009927,16063766528,26763071488,13943635968,87057620992,56.6,1578.6,72,3122.7
14154578964054,9.150117473,16063766528,26763071488,13943635968,87057620992,57.2,1542.8,72,3122.7
14154628936743,9.200090162,16063766528,26763071488,13946327040,87054929920,58.4,1584.9,72,3122.7
14154678936733,9.250090152,16063766528,26763071488,13946556416,87054700544,55.3,1517.3,72,3122.7
14154728924881,9.3000783,16063766528,26763071488,13946785792,87054471168,55.0,1545.9,72,3122.7
14154778962972,9.350116391,16063766528,26763071488,13947531264,87053725696,40.4,1074.2,72,3122.7
14154828952071,9.40010549,16063766528,26763071488,13947531264,87053725696,57.0,1562.7,72,3122.7
14154878943104,9.450096523,16063766528,26763071488,13939359744,87061897216,57.1,1598.7,72,3122.7
14154928932995,9.500086414,16063766528,26763071488,13934022656,87067234304,57.2,1583.2,72,3122.7
14154978935580,9.550088999,16063766528,26763071488,13934252032,87067004928,57.5,1597.1,72,3122.7
14155028947803,9.600101222,16063766528,26763071488,13934481408,87066775552,57.5,1577.1,72,3132.2
14155078944166,9.650097585,16063766528,26763071488,13931433984,87069822976,56.7,1582.3,72,3132.2
14155128941360,9.700094779,16063766528,26763071488,13930090496,87071166464,57.5,1619.4,72,3132.2
14155178932694,9.750086113,16063766528,26763071488,13929959424,87071297536,57.3,1581.9,72,3132.2
14155228938795,9.800092214,16063766528,26763071488,13930188800,87071068160,57.0,1601.6,72,3132.2
14155278938645,9.850092064,16063766528,26763071488,13930418176,87070838784,57.1,1575.1,72,3132.2
14155328935348,9.900088767,16063766528,26763071488,13930594304,87070662656,57.2,1606.8,72,3132.2
14155378939686,9.950093105,16063766528,26763071488,13930823680,87070433280,56.9,1558.2,72,3132.2
14155428927924,10.000081343,16063766528,26763071488,13931311104,87069945856,54.7,1561.1,72,3132.2
14155478939997,10.050093416,16063766528,26763071488,13931311104,87069945856,41.6,1197.1,72,3132.2
14155528939345,10.100092764,16063766528,26763071488,13931311104,87069945856,55.3,1579.9,72,3132.2
14155578943142,10.150096561,16063766528,26763071488,13931311104,87069945856,54.7,1620.1,72,3076.7
14155628953652,10.200107071,16063766528,26763071488,13930262528,87070994432,57.1,1575.4,72,3076.7
14155678935067,10.250088486,16063766528,26763071488,13930004480,87071252480,55.7,1622.7,72,3076.7
14155728963601,10.30011702,16063766528,26763071488,13930004480,87071252480,54.9,1553.8,72,3076.7
14155778934206,10.350087625,16063766528,26763071488,13930004480,87071252480,55.1,1608.1,72,3076.7
14155828942802,10.400096221,16063766528,26763071488,13930004480,87071252480,55.6,1600.5,72,3076.7
14155878955506,10.450108925,16063766528,26763071488,13914574848,87086682112,55.1,1616.5,72,3076.7
14155928934286,10.500087705,16063766528,26763071488,13900664832,87100592128,56.2,1583.8,72,3076.7
14155978942131,10.55009555,16063766528,26763071488,13900435456,87100821504,54.1,1578.6,72,3076.7
14156028956918,10.600110337,16063766528,26763071488,13900664832,87100592128,54.7,1600.1,72,3076.7
14156078933995,10.650087414,16063766528,26763071488,13900894208,87100362752,55.0,1581.7,72,3076.7
14156128947110,10.700100529,16063766528,26763071488,13901123584,87100133376,40.9,1179.4,72,3340.1
14156178930178,10.750083597,16063766528,26763071488,13901611008,87099645952,55.0,1602.2,72,3340.1
14156228932112,10.800085531,16063766528,26763071488,13901611008,87099645952,54.7,1619.1,72,3340.1
14156278938444,10.850091863,16063766528,26763071488,13901840384,87099416576,56.0,1579.5,72,3340.1
14156328937131,10.90009055,16063766528,26763071488,13901807616,87099449344,54.7,1599.7,72,3340.1
14156378941219,10.950094638,16063766528,26763071488,13902036992,87099219968,55.0,1579.7,72,3340.1
14156428934206,11.000087625,16063766528,26763071488,13901578240,87099678720,54.7,1579.8,72,3340.1
14156478950396,11.050103815,16063766528,26763071488,13901807616,87099449344,55.6,1577.7,72,3340.1
14156528930830,11.100084249,16063766528,26763071488,13902036992,87099219968,54.1,1605.0,72,3340.1
14156578930199,11.150083618,16063766528,26763071488,13902036992,87099219968,55.7,1599.2,72,3340.1
14156628940178,11.200093597,16063766528,26763071488,13901283328,87099973632,56.5,1599.7,72,3340.1
14156678951298,11.250104717,16063766528,26763071488,13901283328,87099973632,55.6,1576.0,72,3078.3
14156728937713,11.300091132,16063766528,26763071488,13901742080,87099514880,54.7,1582.3,72,3078.3
