variant,prompt,shape_equal,finite,ref_mean,x_mean,ref_std,x_std,max_abs,mean_abs_error,rmse,relative_l2,cosine_similarity,shape_ref,shape_x,error
comfy_int8_convrot_A2_product,P1,True,True,0.13493122236388444,0.13547016147742397,12.109951723451267,12.060940067939766,54.573699951171875,0.3515081327189546,0.5621275392518164,0.04641576298593255,0.9989266313330643,"(1, 25, 4096)","(1, 25, 4096)",
comfy_int8_convrot_A2_product,P2,True,True,0.13333330999519794,0.13320161583451817,11.226976982252895,11.192588232220997,54.574859619140625,0.299226306491802,0.44831384101802857,0.03992902357396722,0.9992050921604954,"(1, 67, 4096)","(1, 67, 4096)",
comfy_int8_convrot_A2_product,P3,True,True,0.10128854556388055,0.10302187277602304,11.00108129127053,10.976334782176467,54.574859619140625,0.2854110279130568,0.4245958443998792,0.03859419246954874,0.9992560983206175,"(1, 171, 4096)","(1, 171, 4096)",
comfy_int8_convrot_A1_forced,P1,True,True,0.13493122236388444,0.13425161526998636,12.109951723451267,12.092910610757164,90.15081787109375,0.4875212298405495,0.7977664183458747,0.06587283918052372,0.9978283183015987,"(1, 25, 4096)","(1, 25, 4096)",
comfy_int8_convrot_A1_forced,P2,True,True,0.13333330999519794,0.13017158594286243,11.226976982252895,11.180103377734023,90.14877319335938,0.4138619390044593,0.6262473560675357,0.055776652772470854,0.9984467202568549,"(1, 67, 4096)","(1, 67, 4096)",
comfy_int8_convrot_A1_forced,P3,True,True,0.10128854556388055,0.10167455082509873,11.00108129127053,10.96708195127188,90.14877319335938,0.40233424724093386,0.5851428869586623,0.05318732507471624,0.9985859588185074,"(1, 171, 4096)","(1, 171, 4096)",
openvino_int8_bridge,P1,True,True,0.13493122236388444,0.13168393173138612,12.109951723451267,12.052685721511768,53.493743896484375,0.5404862710007728,0.8988936918090408,0.07422307863459389,0.9972436184635323,"(1, 25, 4096)","(1, 25, 4096)",
openvino_int8_bridge,P2,True,True,0.13333330999519794,0.1270665901668766,11.226976982252895,11.171878110150244,53.4935302734375,0.4444765099718219,0.6997999924890014,0.06232761034926814,0.9980601744966673,"(1, 67, 4096)","(1, 67, 4096)",
openvino_int8_bridge,P3,True,True,0.10128854556388055,0.09718063099878943,11.00108129127053,11.008632293084219,53.4935302734375,0.4239862237162132,0.6126699999295068,0.05568943787242711,0.998450634633945,"(1, 171, 4096)","(1, 171, 4096)",
comfy_bf16_radeon_gpu,P1,True,True,0.13493122236388444,0.13493167182536125,12.109951723451267,12.109949900602434,0.004547119140625,4.4922042106918525e-05,7.534823206241864e-05,6.221623095486808e-06,0.9999999999806574,"(1, 25, 4096)","(1, 25, 4096)",
comfy_bf16_radeon_gpu,P2,True,True,0.13333330999519794,0.1333332526546842,11.226976982252895,11.226978613895415,0.0157470703125,3.920431034223282e-05,7.6869397639678e-05,6.846364554575362e-06,0.9999999999765748,"(1, 67, 4096)","(1, 67, 4096)",
comfy_bf16_radeon_gpu,P3,True,True,0.10128854556388055,0.10128849483988112,11.00108129127053,11.001080050023884,0.012603759765625,3.583266533900719e-05,5.988097976168542e-05,5.4429596725188725e-06,0.9999999999851943,"(1, 171, 4096)","(1, 171, 4096)",
