route,config,prompt,n_tokens,model_load_s,first_encode_s,warm_mean_s,warm_p50_s,warm_min_s,warm_max_s,peak_rss_gb,peak_gpu_alloc_gb,gpu_busy_pct_mean,post_load_rss_gb,baseline_rss_gb,int_mm_calls,dequant_calls,dequant_bytes,threads,cpu_util_mean_pct,model_disk_gb
comfy_int8_convrot_A1_forced,a1_t16,P1,39,0.3151,7.4502,7.3222,7.3137,7.1278,7.4446,7.164,,,7.482,0.0,504,0,0,16,658.99,9.351
comfy_int8_convrot_A1_forced,a1_t16,P2,81,0.3151,,7.4572,7.4767,7.2878,7.6191,7.311,,,7.482,0.0,504,0,0,16,709.03,9.351
comfy_int8_convrot_A1_forced,a1_t16,P3,185,0.3151,,8.3616,8.36,8.2467,8.4805,7.354,,,7.482,0.0,504,0,0,16,786.1,9.351
comfy_int8_convrot_A1_forced,a1_t32,P1,39,0.3769,11.0809,12.0262,11.9361,11.606,12.5595,7.188,,,7.486,0.0,504,0,0,32,1907.32,9.351
comfy_int8_convrot_A1_forced,a1_t32,P2,81,0.3769,,11.9963,12.0726,11.5669,12.3659,7.204,,,7.486,0.0,504,0,0,32,1921.9,9.351
comfy_int8_convrot_A1_forced,a1_t32,P3,185,0.3769,,12.6493,12.828,12.2497,12.8976,7.249,,,7.486,0.0,504,0,0,32,1976.24,9.351
comfy_int8_convrot_A1_forced,a1_t8,P1,39,0.3082,7.1468,7.1568,7.1917,7.0816,7.2157,7.146,,,7.42,0.0,504,0,0,8,369.23,9.351
comfy_int8_convrot_A1_forced,a1_t8,P2,81,0.3082,,7.5712,7.5477,7.5199,7.6305,7.166,,,7.42,0.0,504,0,0,8,372.92,9.351
comfy_int8_convrot_A1_forced,a1_t8,P3,185,0.3082,,8.3226,8.3634,8.1279,8.4259,7.203,,,7.42,0.0,504,0,0,8,424.44,9.351
comfy_int8_convrot_A2_product,run1,P1,39,0.3002,12.1131,12.6569,12.6104,12.521,12.8746,7.48,,,7.479,0.0,0,504,13891534848,16,1319.55,9.351
comfy_int8_convrot_A2_product,run1,P2,81,0.3002,,13.3312,13.3262,13.1274,13.5803,7.521,,,7.479,0.0,0,504,13891534848,16,1309.61,9.351
comfy_int8_convrot_A2_product,run1,P3,185,0.3002,,15.1022,15.1694,14.799,15.3479,7.587,,,7.479,0.0,0,504,13891534848,16,1320.03,9.351
comfy_int8_convrot_A2_product,run2,P1,39,0.3233,13.0927,12.978,12.946,12.9367,13.0575,7.483,,,7.483,0.0,0,504,13891534848,16,1295.66,9.351
comfy_int8_convrot_A2_product,run2,P2,81,0.3233,,13.7294,13.649,13.6336,14.0327,7.522,,,7.483,0.0,0,504,13891534848,16,1302.13,9.351
comfy_int8_convrot_A2_product,run2,P3,185,0.3233,,15.4281,15.4666,15.233,15.6112,7.584,,,7.483,0.0,0,504,13891534848,16,1312.45,9.351
comfy_int8_convrot_A2_product,run3,P1,39,0.2917,13.2344,13.1545,13.0938,12.9192,13.3976,7.482,,,7.482,0.0,0,504,13891534848,16,1297.31,9.351
comfy_int8_convrot_A2_product,run3,P2,81,0.2917,,13.7355,13.6915,13.5936,13.9675,7.521,,,7.482,0.0,0,504,13891534848,16,1303.6,9.351
comfy_int8_convrot_A2_product,run3,P3,185,0.2917,,15.7869,15.9454,15.3594,16.1006,7.586,,,7.482,0.0,0,504,13891534848,16,1310.21,9.351
comfy_int8_convrot_A2_product,t32,P1,39,0.3954,18.4606,18.0197,18.1491,17.5204,18.4734,7.489,,,7.488,0.0,0,504,13891534848,32,2638.34,9.351
comfy_int8_convrot_A2_product,t32,P2,81,0.3954,,18.2266,18.14,18.0334,18.5024,7.539,,,7.488,0.0,0,504,13891534848,32,2644.1,9.351
comfy_int8_convrot_A2_product,t32,P3,185,0.3954,,19.5356,19.5238,19.3896,19.7551,7.611,,,7.488,0.0,0,504,13891534848,32,2652.51,9.351
comfy_int8_convrot_A2_product,t8,P1,39,0.291,16.1846,16.0759,15.893,15.394,16.7248,7.469,,,7.468,0.0,0,504,13891534848,8,703.8,9.351
comfy_int8_convrot_A2_product,t8,P2,81,0.291,,17.2133,17.3736,16.7882,17.4671,7.499,,,7.468,0.0,0,504,13891534848,8,699.36,9.351
comfy_int8_convrot_A2_product,t8,P3,185,0.291,,19.78,19.8101,19.2857,20.1426,7.548,,,7.468,0.0,0,504,13891534848,8,703.63,9.351
comfy_bf16_radeon_gpu,gpu_gpu_run1,P1,39,4.4797,0.5988,0.5912,0.589,0.578,0.605,1.396,16.631,84.8,0.0,0.0,,,,32,281.51,17.534
comfy_bf16_radeon_gpu,gpu_gpu_run1,P2,81,4.4797,,1.2376,1.245,1.208,1.2659,1.396,16.631,84.8,0.0,0.0,,,,32,242.02,17.534
comfy_bf16_radeon_gpu,gpu_gpu_run1,P3,185,4.4797,,1.834,1.829,1.8159,1.8655,1.396,16.631,84.8,0.0,0.0,,,,32,228.11,17.534
comfy_bf16_radeon_gpu,gpu_gpu_run2,P1,39,4.4837,0.6238,0.6096,0.608,0.601,0.6181,1.396,16.631,85.6,0.0,0.0,,,,32,281.93,17.534
comfy_bf16_radeon_gpu,gpu_gpu_run2,P2,81,4.4837,,1.2277,1.222,1.184,1.2855,1.396,16.631,85.6,0.0,0.0,,,,32,241.24,17.534
comfy_bf16_radeon_gpu,gpu_gpu_run2,P3,185,4.4837,,1.9426,1.936,1.9179,1.979,1.396,16.631,85.6,0.0,0.0,,,,32,226.64,17.534
comfy_bf16_radeon_gpu,gpu_gpu_run3,P1,39,4.4805,0.6057,0.6014,0.5991,0.587,0.622,1.396,16.631,84.5,0.0,0.0,,,,32,282.23,17.534
comfy_bf16_radeon_gpu,gpu_gpu_run3,P2,81,4.4805,,1.2142,1.198,1.184,1.248,1.396,16.631,84.5,0.0,0.0,,,,32,239.5,17.534
comfy_bf16_radeon_gpu,gpu_gpu_run3,P3,185,4.4805,,1.8192,1.8181,1.7879,1.8539,1.396,16.631,84.5,0.0,0.0,,,,32,228.01,17.534
openvino_int8_bridge,bridge,P1,39,1.2625,0.182,0.1871,0.183,0.1802,0.1967,14.57,,,0.329,0.0,,,,default,1572.14,8.81
openvino_int8_bridge,bridge,P2,81,1.2625,0.3744,0.3765,0.3773,0.3664,0.3851,14.678,,,0.329,0.0,,,,default,1557.27,8.81
openvino_int8_bridge,bridge,P3,185,1.2625,0.6629,0.6872,0.6971,0.6632,0.7085,14.961,,,0.329,0.0,,,,default,1552.97,8.81
openvino_int8_standalone,default,P1,25,1.2829,0.139,0.1401,0.1399,0.1377,0.1417,14.501,,,0.0,0.179,,,,default,1558.96,8.81
openvino_int8_standalone,default,P2,67,1.2829,0.3702,0.3697,0.3715,0.3652,0.3728,14.743,,,0.0,0.179,,,,default,1538.33,8.81
openvino_int8_standalone,default,P3,171,1.2829,0.5729,0.5678,0.5697,0.5613,0.571,15.142,,,0.0,0.179,,,,default,1509.08,8.81
openvino_int8_standalone,t16,P1,25,1.2024,0.1389,0.1457,0.1447,0.1444,0.1483,14.501,,,0.0,0.179,,,,16,1556.16,8.81
openvino_int8_standalone,t16,P2,67,1.2024,0.3926,0.3831,0.3813,0.3788,0.3905,14.667,,,0.0,0.179,,,,16,1495.36,8.81
openvino_int8_standalone,t16,P3,171,1.2024,0.6147,0.5846,0.5774,0.5696,0.6019,14.976,,,0.0,0.179,,,,16,1511.06,8.81
openvino_int8_standalone,t32,P1,25,1.3641,0.1399,0.1446,0.1427,0.1401,0.1516,14.5,,,0.0,0.179,,,,32,1555.41,8.81
openvino_int8_standalone,t32,P2,67,1.3641,0.3825,0.3784,0.374,0.3705,0.3986,14.667,,,0.0,0.179,,,,32,1521.77,8.81
openvino_int8_standalone,t32,P3,171,1.3641,0.5812,0.6003,0.6096,0.5716,0.6162,15.08,,,0.0,0.179,,,,32,1505.37,8.81
openvino_int8_standalone,t8,P1,25,1.3551,0.1899,0.2005,0.2026,0.1888,0.2074,14.5,,,0.0,0.182,,,,8,789.98,8.81
openvino_int8_standalone,t8,P2,67,1.3551,0.5508,0.5345,0.5277,0.522,0.5522,14.679,,,0.0,0.182,,,,8,691.09,8.81
openvino_int8_standalone,t8,P3,171,1.3551,0.8233,0.8312,0.82,0.8084,0.8616,14.983,,,0.0,0.182,,,,8,760.79,8.81
