prompt,seed,A,B,C,D
Q01,101,q_gpu,q_dq32,q_dq64,q_dq128
Q02,102,q_dq64,q_dq32,q_gpu,q_dq128
Q03,103,q_gpu,q_dq128,q_dq64,q_dq32
Q04,104,q_dq32,q_dq64,q_gpu,q_dq128
Q05,105,q_gpu,q_dq32,q_dq128,q_dq64
Q06,106,q_gpu,q_dq64,q_dq32,q_dq128
Q07,107,q_dq128,q_gpu,q_dq64,q_dq32
Q08,108,q_gpu,q_dq64,q_dq128,q_dq32
Q09,109,q_dq64,q_dq128,q_gpu,q_dq32
Q10,110,q_dq128,q_gpu,q_dq32,q_dq64
Q11,111,q_dq64,q_dq32,q_dq128,q_gpu
Q12,112,q_gpu,q_dq32,q_dq64,q_dq128
Q13,113,q_gpu,q_dq32,,
Q14,114,q_dq32,q_gpu,,
Q15,115,q_gpu,q_dq32,,
Q16,116,q_gpu,q_dq32,,
Q17,117,q_dq32,q_gpu,,
Q18,118,q_dq32,q_gpu,,
Q19,119,q_gpu,q_dq32,,
Q20,120,q_dq32,q_gpu,,
Q21,121,q_gpu,q_dq32,,
Q22,122,q_gpu,q_dq32,,
Q23,123,q_dq32,q_gpu,,
Q24,124,q_gpu,q_dq32,,
Q25,125,q_gpu,q_dq32,,
Q26,126,q_gpu,q_dq32,,
Q27,127,q_gpu,q_dq32,,
Q28,128,q_dq32,q_gpu,,
Q29,129,q_dq32,q_gpu,,
Q30,130,q_dq32,q_gpu,,
