timestamp_ns,rel_s,rss_bytes,vms_bytes,sys_used_bytes,sys_available_bytes,cpu_util_pct,proc_cpu_pct,num_threads,cpu_freq_mhz
18932208484292,0.003925679,1110269952,33484476416,6303989760,94697267200,0.0,0.0,99,2803.6
18932304688801,0.100130188,1137442816,35800780800,8609632256,92391624704,9.4,207.5,99,2803.6
18932354699690,0.150141077,1137545216,37071654912,9911836672,91089420288,9.4,199.3,99,2803.6
18932404635961,0.200077348,1137668096,38430609408,11218558976,89782697984,8.9,202.0,99,2803.6
18932454634467,0.250075854,1137766400,39701483520,12487467008,88513789952,10.5,220.0,99,2803.6
18932504634408,0.300075795,1137868800,40972357632,13810245632,87191011328,8.2,199.7,99,2803.6
18932554634149,0.350075536,1137979392,42230648832,15090855936,85910401024,10.0,200.3,99,2803.6
18932604655459,0.400096846,1138089984,43502571520,16248668160,84752588800,9.4,218.6,99,2803.6
18932654704070,0.450145457,1138126848,43993305088,16520237056,84481019904,13.1,219.6,99,2803.6
18932704638560,0.500079947,1138163712,44484038656,17009651712,83991605248,11.4,201.7,99,2803.6
18932754632470,0.550073857,1138229248,45062852608,17628209152,83373047808,13.3,199.8,99,2860.9
18932804628994,0.600070381,1138257920,45553586176,18186924032,82814332928,17.0,199.9,99,2860.9
18932854628985,0.650070372,1138286592,45943656448,18763870208,82237386752,16.7,220.0,99,2860.9
18932904619188,0.700060575,1138323456,46132400128,19530727424,81470529536,14.0,200.2,99,2860.9
18932954636411,0.750077798,1138364416,46467944448,19226353664,81774903296,15.6,199.9,99,2860.9
18933004648895,0.800090282,1138434048,47013203968,19598475264,81402781696,13.8,219.2,99,2860.9
18933054642644,0.850084031,1138483200,47403274240,20026413056,80974843904,11.3,200.4,99,2860.9
18933104642224,0.900083611,1138536448,47994671104,20606046208,80395210752,11.9,180.1,99,2860.9
18933154631816,0.950073203,1138606080,48472821760,21109600256,79891656704,11.4,239.9,99,2860.9
18933204634232,1.000075619,1138651136,50020519936,21657149440,79344107520,16.1,200.1,99,2860.9
18933254634403,1.05007579,1138655232,50020519936,22174277632,78826979328,11.3,200.0,99,2884.5
18933304635987,1.100077374,1138655232,50020519936,22649372672,78351884288,11.9,219.9,99,2884.5
18933354638903,1.15008029,1141231616,50272313344,22894702592,78106554368,11.3,179.4,99,2884.5
18933404629176,1.200070563,1141657600,50649935872,23271038976,77730217984,13.2,201.0,99,2884.5
18933454640869,1.250082256,1141948416,51007635456,23659089920,77342167040,12.6,199.8,99,2884.5
18933510897036,1.306338423,1142263808,51209097216,23904239616,77097017344,9.7,201.3,99,2884.5
18933713533307,1.508974694,1208889344,51277201408,23904374784,77096882176,0.0,0.0,99,2884.5
18933713740520,1.509181907,1208909824,51277201408,23904374784,77096882176,0.0,0.0,99,2884.5
18933713897159,1.509338546,1208922112,51281403904,23904374784,77096882176,0.0,0.0,101,2884.5
18933713998436,1.509439823,1208954880,51289808896,23905406976,77095849984,100.0,8826.1,104,2884.5
18933777561939,1.573003326,1228537856,53507653632,23945154560,77056102400,10.0,224.2,131,2763.7
18933804621474,1.600062861,1306992640,53516046336,24019554304,76981702656,9.7,154.3,131,2763.7
18933854646073,1.65008746,1594920960,53516046336,24317837312,76683419648,8.7,199.2,131,2763.7
18933904646256,1.700087643,1908232192,53516046336,24632823808,76368433152,10.6,239.9,131,2763.7
18933954654414,1.750095801,2238222336,53516046336,24964403200,76036853760,10.7,239.8,131,2763.7
18934004629601,1.800070988,2561814528,53516046336,25297551360,75703705600,8.2,200.8,131,2763.7
18934054642629,1.850084016,2880352256,53516046336,25620480000,75380776960,11.3,279.1,131,2763.7
18934104646819,1.900088206,3198853120,53516046336,25941090304,75060166656,11.9,300.0,131,2763.7
18934154631374,1.950072761,3510927360,53516046336,26253819904,74747437056,9.4,180.4,131,2763.7
18934204628872,2.000070259,3822264320,53516046336,26568208384,74433048576,9.5,219.7,131,2763.7
18934254650956,2.050092343,4159881216,53516046336,26906337280,74094919680,10.6,199.6,131,2763.7
18934304649386,2.100090773,4479791104,53516046336,27226816512,73774440448,11.4,200.1,131,2730.9
18934354624052,2.150065439,4805017600,53516046336,27557122048,73444134912,11.4,301.4,131,2730.9
18934404633132,2.200074519,5125795840,53516046336,27878731776,73122525184,9.4,179.8,131,2730.9
18934454631041,2.250072428,5451280384,53516046336,28215136256,72786120704,9.4,219.4,131,2730.9
18934504652787,2.300094174,5771436032,53516046336,28543533056,72457723904,11.9,279.5,131,2730.9
18934554633967,2.350075354,5950599168,53516046336,28724989952,72276267008,12.1,180.8,131,2730.9
18934604625416,2.400066803,5950599168,53516046336,28718116864,72283140096,14.4,220.1,131,2730.9
18934654630661,2.450072048,5992411136,53516046336,28757139456,72244117504,12.7,180.0,131,2730.9
18934704624104,2.500065491,5992378368,53516046336,28762382336,72238874624,14.3,220.0,131,2730.9
18934754678199,2.550119586,5992345600,53516046336,28765036544,72236220416,13.3,200.0,131,2730.9
18934804626719,2.600068106,6034161664,53516046336,28810338304,72190918656,12.6,220.0,131,2730.9
18934854629500,2.650070887,6044626944,53516046336,28823683072,72177573888,13.2,180.0,131,3866.9
18934904623614,2.700065001,6291959808,53516046336,29099728896,71901528064,10.8,200.3,131,3866.9
18934954633447,2.750074834,6620758016,53516046336,29428219904,71573037056,9.3,199.7,131,3866.9
18935004622652,2.800064039,6939078656,53516046336,29749084160,71252172800,8.1,219.3,131,3866.9
18935054630662,2.850072049,7268569088,53516046336,30077612032,70923644928,9.5,220.8,131,3866.9
18935104629936,2.900071323,7593361408,53516046336,30407192576,70594064384,8.8,179.9,131,3866.9
18935154649547,2.950090934,7927779328,53516046336,30737707008,70263549952,9.9,258.6,131,3866.9
18935204632841,3.000074228,8273387520,53516046336,31084568576,69916688384,10.1,201.2,131,3866.9
18935254645821,3.050087208,8609804288,53516046336,31421554688,69579702272,9.4,219.3,131,3866.9
18935304642119,3.100083506,8929812480,53516046336,31743102976,69258153984,8.2,199.9,131,3866.9
18935354630483,3.15007187,9234649088,53516046336,32047550464,68953706496,8.2,220.3,131,2628.2
18935404629786,3.200071173,9538826240,53516046336,32386314240,68614942720,13.7,200.1,131,2628.2
18935454625093,3.25006648,9811632128,53516046336,32742449152,68258807808,11.9,180.3,131,2628.2
18935504627785,3.300069172,10095415296,53516046336,33650655232,67350601728,12.0,260.1,131,2628.2
18935554629265,3.350070652,10383785984,53516046336,33946042368,67055214592,11.9,180.0,131,2628.2
18935604631797,3.400073184,10659266560,53516046336,34228838400,66772418560,13.7,259.6,131,2628.2
18935654634529,3.450075916,10860466176,53516046336,34394382336,66606874624,11.9,180.1,131,2628.2
18935704642561,3.500083948,11079507968,53516046336,34611273728,66389983232,11.9,199.5,131,2628.2
18935754636206,3.550077593,11289698304,53516046336,34820915200,66180341760,12.5,220.7,131,2628.2
18935804624031,3.600065418,11594231808,53516046336,35120197632,65881059328,11.9,180.0,131,2628.2
18935854631151,3.650072538,11895660544,53516046336,35443318784,65557938176,11.9,200.0,131,2895.2
18935904625869,3.700067256,12150837248,53516046336,35672948736,65328308224,13.1,200.1,131,2895.2
18935954629172,3.750070559,12425093120,53516046336,35959447552,65041809408,11.4,200.0,131,2895.2
18936004623418,3.800064805,12736057344,53516046336,36283392000,64717864960,12.6,180.2,131,2895.2
18936054625800,3.850067187,13005955072,53516046336,36542562304,64458694656,16.0,319.2,131,2895.2
18936104633912,3.900075299,13243441152,53516046336,36781682688,64219574272,13.1,240.1,131,2895.2
18936154630934,3.950072321,13558456320,53516046336,37101481984,63899774976,12.6,180.2,131,2895.2
18936204641781,4.000083168,13851484160,53516046336,37398421504,63602835456,13.7,238.9,131,2895.2
18936254636048,4.050077435,14168571904,53516046336,37715513344,63285743616,12.5,200.5,131,2895.2
18936304643238,4.100084625,14431027200,53516046336,37188763648,63812493312,11.2,199.7,131,2895.2
18936354649887,4.150091274,14523502592,53516046336,37750874112,63250382848,6.3,139.8,131,2575.4
18936404644635,4.200086022,14626385920,53516046336,38162812928,62838444032,9.5,160.3,131,2575.4
18936454645654,4.250087041,14714740736,53516046336,37528489984,63472766976,8.8,139.9,131,2575.4
18936504641335,4.300082722,14873804800,53516046336,37690626048,63310630912,7.6,180.5,131,2575.4
18936554625204,4.350066591,14994063360,53516046336,37910593536,63090663424,7.5,140.3,131,2575.4
18936604633960,4.400075347,15100628992,53516046336,38498156544,62503100416,9.9,178.8,131,2575.4
18936654622478,4.450063865,15209615360,53516046336,38765391872,62235865088,7.0,140.9,131,2575.4
18936704627296,4.500068683,15307141120,53516046336,38840741888,62160515072,8.7,159.8,131,2575.4
18936754622546,4.550063933,15421108224,53516046336,38171779072,62829477888,8.8,140.1,131,2575.4
18936804625301,4.600066688,15504146432,53516046336,39032541184,61968715776,8.1,179.8,131,2575.4
18936854616774,4.650058161,15554215936,53516046336,39074275328,61926981632,8.2,200.5,131,2575.4
18936904629918,4.700071305,15586193408,53516046336,39111970816,61889286144,13.0,199.1,131,2770.9
18936954644173,4.75008556,15619686400,53516046336,38356774912,62644482048,10.7,179.8,131,2770.9
18937004630738,4.800072125,15628013568,53516046336,38353182720,62648074240,10.6,180.5,131,2770.9
18937054627230,4.850068617,15651999744,53516046336,38375985152,62625271808,10.7,199.9,131,2770.9
18937104632159,4.900073546,15669825536,53516046336,38400688128,62600568832,11.3,180.1,131,2770.9
18937154624023,4.95006541,15734259712,53516046336,38479089664,62522167296,10.1,240.3,131,2770.9
18937204639210,5.000080597,15770431488,53516046336,38505746432,62495510528,12.5,179.7,131,2770.9
18937254625113,5.0500665,15837515776,53516046336,38580359168,62420897792,9.9,160.1,131,2770.9
18937304633007,5.100074394,15947964416,53516046336,38687133696,62314123264,7.0,160.0,131,2770.9
18937354644167,5.150085554,16027545600,53516046336,38776930304,62224326656,9.9,159.5,131,2770.9
18937404633937,5.200075324,16121778176,53516046336,38844964864,62156292096,8.8,160.3,131,2958.7
18937454632444,5.250073831,16142749696,53516046336,38878294016,62122962944,10.8,140.3,131,2958.7
18937504636482,5.300077869,16155856896,53516046336,38899826688,62101430272,11.9,199.6,131,2958.7
18937554633037,5.350074424,16156381184,53516046336,38900932608,62100324352,11.2,199.8,131,2958.7
18937604650911,5.400092298,16227094528,53516046336,38969847808,62031409152,9.4,139.8,131,2958.7
18937654630916,5.450072303,16342634496,53516046336,39097061376,61904195584,8.8,160.5,131,2958.7
18937704652377,5.500093764,16625451008,53516046336,39367217152,61634039808,10.6,219.2,131,2958.7
18937754658159,5.550099546,16902901760,53516046336,39882547200,61118709760,9.4,199.9,131,2958.7
18937804652590,5.600093977,17263628288,53516046336,40017895424,60983361536,11.4,220.1,131,2958.7
18937854644356,5.650085743,17619681280,53516046336,40382799872,60618457088,9.4,200.4,131,2958.7
18937904645990,5.700087377,17889419264,53516046336,40652857344,60348399616,10.6,199.6,131,2891.2
18937954654006,5.750095393,18141425664,53516046336,40911396864,60089860096,9.4,200.3,131,2891.2
18938004644560,5.800085947,18397290496,53516046336,41170964480,59830292480,9.5,240.2,131,2891.2
18938054635574,5.850076961,18725376000,53516046336,41509191680,59492065280,10.1,179.4,131,2891.2
18938616083560,6.411524947,1212456960,35981709312,24029696000,76971560960,8.6,200.1,131,2603.9
18938621135280,6.416576667,1212534784,35981709312,23993667584,77007589376,40.0,785.4,131,2603.9
18938621319010,6.416760397,1212534784,35981709312,23993143296,77008113664,0.0,0.0,131,2603.9
18938621459730,6.416901117,1212534784,35981709312,23992094720,77009162240,0.0,0.0,131,2603.9
18938621611300,6.417052687,1212534784,35981709312,23991554048,77009702912,0.0,0.0,131,2603.9
18938621735830,6.417177217,1212534784,35981709312,23991029760,77010227200,0.0,0.0,131,2603.9
18938621847626,6.417289013,1212534784,35981709312,23990505472,77010751488,0.0,0.0,131,2603.9
18938621956517,6.417397904,1212534784,35981709312,23990505472,77010751488,0.0,0.0,131,2603.9
18938622467601,6.417908988,1212534784,35981709312,23987884032,77013372928,0.0,0.0,131,2603.9
18938622727181,6.418168568,1212534784,35981709312,23986819072,77014437888,0.0,0.0,131,2603.9
18938622868933,6.41831032,1212534784,35981709312,23986819072,77014437888,0.0,0.0,131,2603.9
18938654633163,6.45007455,1228365824,36005158912,23964360704,77036896256,8.8,187.2,131,2603.9
18938704633086,6.500074473,1276403712,36053291008,24015081472,76986175488,8.8,180.1,131,2603.9
18938754631186,6.550072573,1294135296,36114108416,24077217792,76924039168,13.1,260.1,131,2603.9
18938804631931,6.600073318,1316646912,36220309504,24183648256,76817608704,8.8,179.8,131,2603.9
18938854621585,6.650062972,1354436608,36264333312,24233361408,76767895552,8.8,200.2,131,2603.9
18938904652556,6.700093943,1405530112,36320968704,24295780352,76705476608,9.3,199.2,131,2603.9
18938954643342,6.750084729,1448919040,36376473600,24357728256,76643528704,8.9,220.6,131,2603.9
18939004651791,6.800093178,1451560960,36378578944,24359288832,76641968128,7.6,179.5,131,2603.9
18939054648257,6.850089644,1457745920,36458799104,24448614400,76552642560,8.8,199.0,131,2603.9
18939104647289,6.900088676,1496403968,36502646784,24492867584,76508389376,9.4,201.8,131,2603.9
18939154674653,6.95011604,1498664960,36710002688,24696836096,76304420864,8.7,198.8,131,2403.3
18939204644881,7.000086268,1498664960,36710002688,24697167872,76304089088,11.3,240.5,131,2403.3
18939254634966,7.050076353,1498664960,36710002688,24697135104,76304121856,9.4,199.8,131,2403.3
18939304670635,7.100112022,1498664960,36710002688,24697364480,76303892480,9.5,219.1,131,2403.3
18939354668976,7.150110363,1498664960,36710002688,24697102336,76304154624,9.4,199.8,131,2403.3
18939404635187,7.200076574,1498664960,36710002688,24696840192,76304416768,10.7,201.2,131,2403.3
18939454637905,7.250079292,1498664960,36710002688,24696578048,76304678912,8.8,199.9,131,2403.3
18939504665872,7.300107259,1498664960,36710002688,24697266176,76303990784,10.5,218.4,131,2403.3
18939554642474,7.350083861,1498664960,36710002688,24697233408,76304023552,9.6,201.1,131,2403.3
18939604643772,7.400085159,1498664960,36710002688,24697200640,76304056320,9.4,199.7,131,2403.3
18939654642585,7.450083972,1498664960,36710002688,24697167872,76304089088,9.4,200.0,131,2403.3
18939704648331,7.500089718,1498664960,36710002688,24697167872,76304089088,10.6,200.4,131,1870.6
18939754638688,7.550080075,1501323264,39050551296,24736317440,76264939520,35.0,1041.5,162,1870.6
18939804644224,7.600085611,1501323264,39050551296,24736317440,76264939520,10.7,239.8,162,1870.6
18939854640773,7.65008216,1501323264,39050551296,24736776192,76264480768,9.9,198.3,162,1870.6
18939904632904,7.700074291,1501323264,39050551296,24737857536,76263399424,10.2,222.4,162,1870.6
18939954654629,7.750096016,1501323264,39050551296,24738086912,76263170048,10.0,198.8,162,1870.6
18940004651048,7.800092435,1501323264,39050551296,24738316288,76262940672,10.6,200.4,162,1870.6
18940054652496,7.850093883,1501323264,39050551296,24738545664,76262711296,9.4,199.0,162,1870.6
18940104652111,7.900093498,1501323264,39050551296,24738775040,76262481920,10.1,221.1,162,1870.6
18940154654060,7.950095447,1501323264,39050551296,24739004416,76262252544,9.5,200.3,162,1870.6
18940204635761,8.000077148,1501323264,39050551296,24739233792,76262023168,12.6,200.5,162,1870.6
18940254645524,8.050086911,1501323264,39050551296,24739463168,76261793792,10.6,199.6,162,1754.9
18940304828848,8.100270235,1501323264,39050551296,24739692544,76261564416,8.8,198.5,162,1754.9
18940354672745,8.150114132,1501323264,39050551296,24739692544,76261564416,40.1,1184.7,162,1754.9
18940404645771,8.200087158,1501323264,39050551296,24739692544,76261564416,9.4,179.9,162,1754.9
18940454651036,8.250092423,1501323264,39050551296,24739692544,76261564416,9.4,200.1,162,1754.9
18940504694453,8.30013584,1501323264,39050551296,24739692544,76261564416,9.5,219.9,162,1754.9
18940554670146,8.350111533,1501323264,39050551296,24739692544,76261564416,11.2,180.8,162,1754.9
18940604682506,8.400123893,1501323264,39050551296,24739676160,76261580800,9.4,198.5,162,1754.9
18940654649753,8.45009114,1501323264,39050551296,24739905536,76261351424,9.4,221.3,162,1754.9
18940704659819,8.500101206,1501323264,39050551296,24740134912,76261122048,10.1,200.1,162,1754.9
18940754660878,8.550102265,1501323264,39050551296,24740134912,76261122048,8.8,200.0,162,1816.1
18940804662078,8.600103465,1501323264,39050551296,24740134912,76261122048,10.0,198.5,162,1816.1
18940854667776,8.650109163,1501323264,39050551296,24740134912,76261122048,9.5,220.6,162,1816.1
18940904676990,8.700118377,1501323264,39050551296,24740364288,76260892672,11.2,199.6,162,1816.1
18940954665196,8.750106583,1501323264,39050551296,24740823040,76260433920,39.0,1123.9,162,1816.1
18941004668119,8.800109506,1501323264,39050551296,24741052416,76260204544,11.9,218.5,162,1816.1
18941054660772,8.850102159,1501323264,39050551296,24741281792,76259975168,9.6,181.3,162,1816.1
18941104692589,8.900133976,1501323264,39050551296,24741511168,76259745792,10.6,198.7,162,1816.1
18941154647432,8.950088819,1501323264,39050551296,24741511168,76259745792,10.9,201.9,162,1816.1
18941204660123,9.00010151,1501323264,39050551296,24741511168,76259745792,12.5,219.9,162,1816.1
18941254652917,9.050094304,1501323264,39050551296,24741740544,76259516416,11.1,198.8,162,1816.1
18941304679544,9.100120931,1501323264,39050551296,24741969920,76259287040,10.1,200.5,162,1808.1
18941354673370,9.150114757,1501327360,39050551296,24742199296,76259057664,11.2,199.0,162,1808.1
18941404658109,9.200099496,1501327360,39050551296,24742428672,76258828288,10.8,201.9,162,1808.1
18941454657545,9.250098932,1501327360,39050551296,24742658048,76258598912,12.4,200.0,162,1808.1
18941505023711,9.300465098,1501396992,39050551296,24743714816,76257542144,34.3,974.0,162,1808.1
18941554678894,9.350120281,1501396992,39050551296,24743944192,76257312768,15.0,353.3,162,1808.1
18941604712385,9.400153772,1501396992,39050551296,24744689664,76256567296,11.3,200.7,162,1808.1
18941654657002,9.450098389,1501396992,39050551296,24744919040,76256337920,10.1,181.0,162,1808.1
18941704649658,9.500091045,1501396992,39050551296,24744919040,76256337920,9.5,219.8,162,1808.1
18941754664174,9.550105561,1501396992,39050551296,24745148416,76256108544,11.2,220.2,162,1808.1
18941804668271,9.600109658,1501396992,39050551296,24745377792,76255879168,9.4,198.7,162,1808.1
18941854661508,9.650102895,1501396992,39050551296,24745607168,76255649792,10.7,200.8,162,1798.7
18941904687916,9.700129303,1501396992,39050551296,24745422848,76255834112,10.7,199.6,162,1798.7
18941954652089,9.750093476,1501396992,39050551296,24745652224,76255604736,10.1,220.5,162,1798.7
18942004642962,9.800084349,1501396992,39050551296,24745652224,76255604736,10.6,200.3,162,1798.7
18942054631801,9.850073188,1501396992,39050551296,24745881600,76255375360,9.6,200.8,162,1798.7
18942104641879,9.900083266,1501396992,39050551296,24745881600,76255375360,10.0,199.3,162,1798.7
18942154625899,9.950067286,1501396992,39050551296,24745881600,76255375360,10.8,201.0,162,1798.7
18942204625377,10.000066764,1501396992,39050551296,24745881600,76255375360,11.4,200.1,162,1798.7
18942254625276,10.050066663,1501396992,39050551296,24737771520,76263485440,10.7,199.8,162,1798.7
18942304636306,10.100077693,1501396992,39050551296,24733642752,76267614208,10.7,199.5,162,1798.7
18942354641896,10.150083283,1501396992,39050551296,24733638656,76267618304,11.3,199.5,162,1798.7
18942404639190,10.200080577,1501396992,39050551296,24733638656,76267618304,10.1,200.1,162,1818.9
18942454637046,10.250078433,1501396992,39050551296,24733638656,76267618304,10.1,219.8,162,1818.9
18942504631607,10.300072994,1501396992,39050551296,24733638656,76267618304,10.7,220.8,162,1818.9
18942554630286,10.350071673,1501396992,39050551296,24733638656,76267618304,11.3,179.9,162,1818.9
18942604636689,10.400078076,1501396992,39050551296,24733638656,76267618304,9.4,219.8,162,1818.9
18942654679971,10.450121358,1501396992,39050551296,24734097408,76267159552,10.1,199.9,162,1818.9
18942704652171,10.500093558,1501396992,39050551296,24732770304,76268486656,40.4,1134.6,162,1818.9
18942754643917,10.550085304,1501396992,39050551296,24732999680,76268257280,9.5,200.5,162,1818.9
18942804648627,10.600090014,1501396992,39050551296,24740741120,76260515840,13.2,200.2,162,1818.9
18942854644250,10.650085637,1501396992,39050551296,24765513728,76235743232,12.6,199.9,162,1818.9
18942904697630,10.700139017,1501396992,39050551296,24765509632,76235747328,9.4,199.0,162,1817.4
18942954638563,10.75007995,1501396992,39050551296,24765739008,76235517952,10.1,221.1,162,1817.4
18943004658120,10.800099507,1501396992,39050551296,24765595648,76235661312,11.3,200.1,162,1817.4
18943054660626,10.850102013,1501396992,39050551296,24765825024,76235431936,10.0,199.9,162,1817.4
18943104650028,10.900091415,1501396992,39050551296,24765566976,76235689984,8.9,200.8,162,1817.4
18943154645752,10.950087139,1501396992,39050551296,24765566976,76235689984,10.0,199.2,162,1817.4
18943204645262,11.000086649,1501396992,39050551296,24765796352,76235460608,11.4,200.3,162,1817.4
18943254647307,11.050088694,1501396992,39050551296,24766025728,76235231232,9.9,199.7,162,1817.4
18943304665322,11.100106709,1501396992,39050551296,24766255104,76235001856,7.6,200.5,162,1817.4
18943354656327,11.150097714,1501396992,39050551296,24766484480,76234772480,9.4,220.2,162,1817.4
18943404656539,11.200097926,1501396992,39050551296,24766967808,76234289152,9.4,200.2,162,1817.4
18943454653655,11.250095042,1501396992,39050551296,24766967808,76234289152,9.9,220.0,162,1838.5
18943504680117,11.300121504,1501396992,39050551296,24751431680,76249825280,9.3,198.8,162,1838.5
18943554714805,11.350156192,1501396992,39050551296,24751431680,76249825280,8.3,200.4,162,1838.5
18943604662632,11.400104019,1501396992,39050551296,24751661056,76249595904,8.8,200.3,162,1838.5
18943654661533,11.45010292,1501396992,39050551296,24751661056,76249595904,9.4,200.1,162,1838.5
18943704663721,11.500105108,1501396992,39050551296,24751661056,76249595904,8.7,200.0,162,1838.5
18943754659987,11.550101374,1501396992,39050551296,24751644672,76249612288,8.2,200.2,162,1838.5
18943804643290,11.600084677,1501396992,39050551296,24750096384,76251160576,10.0,200.0,162,1838.5
18943854669562,11.650110949,1501396992,39050551296,24748851200,76252405760,8.2,199.5,162,1838.5
18943904659717,11.700101104,1501396992,39050551296,24748851200,76252405760,8.8,200.4,162,1838.5
18943954656334,11.750097721,1501396992,39050551296,24748093440,76253163520,34.0,1018.7,162,1722.2
18944004633876,11.800075263,1501396992,39050551296,24748351488,76252905472,9.4,220.6,162,1722.2
18944054657143,11.85009853,1501396992,39050551296,24748351488,76252905472,9.4,199.7,162,1722.2
18944104660182,11.900101569,1501396992,39050551296,24748580864,76252676096,10.1,220.0,162,1722.2
18944154641681,11.950083068,1501396992,39050551296,24748810240,76252446720,8.9,180.8,162,1722.2
18944204634772,12.000076159,1501396992,39050551296,24748810240,76252446720,10.7,200.3,162,1722.2
18944254636799,12.050078186,1501396992,39050551296,24748490752,76252766208,9.4,200.0,162,1722.2
18944304634779,12.100076166,1501396992,39050551296,24748400640,76252856320,9.4,200.0,162,1722.2
18944354638158,12.150079545,1501396992,39050551296,24748400640,76252856320,8.2,200.0,162,1722.2
18944404636138,12.200077525,1501396992,39050551296,24748924928,76252332032,9.4,200.0,162,1722.2
18944454642493,12.25008388,1501396992,39050551296,24747687936,76253569024,8.2,200.0,162,1722.2
18944504636317,12.300077704,1501396992,39050551296,24747687936,76253569024,9.4,199.8,162,1820.0
18944554641883,12.35008327,1501396992,39050551296,24747687936,76253569024,8.2,220.1,162,1820.0
18944604648461,12.400089848,1501396992,39050551296,24747917312,76253339648,9.9,219.1,162,1820.0
18944654655660,12.450097047,1501396992,39050551296,24747917312,76253339648,8.8,199.2,162,1820.0
18944704654353,12.50009574,1501396992,39050551296,24748146688,76253110272,8.8,200.8,162,1820.0
18944754647495,12.550088882,1501396992,39050551296,24748376064,76252880896,8.7,199.8,162,1820.0
18944804642091,12.600083478,1501396992,39050551296,24748834816,76252422144,8.2,200.6,162,1820.0
18944854653447,12.650094834,1501396992,39050551296,24746582016,76254674944,9.9,199.5,162,1820.0
18944904658933,12.70010032,1501396992,39050551296,24745947136,76255309824,9.4,199.5,162,1820.0
18944954635285,12.750076672,1501396992,39050551296,24736448512,76264808448,9.4,201.0,162,1820.0
18945004664093,12.80010548,1501396992,39050551296,24736907264,76264349696,10.0,199.3,162,1828.6
18945054652377,12.850093764,1501396992,39050551296,24736907264,76264349696,9.4,200.2,162,1828.6
18945104647303,12.90008869,1501396992,39050551296,24737136640,76264120320,10.1,200.2,162,1828.6
18945154630398,12.950071785,1501396992,39050551296,24737136640,76264120320,9.4,200.5,162,1828.6
18945204631155,13.000072542,1501396992,39050551296,24737136640,76264120320,10.6,199.6,162,1828.6
18945254634356,13.050075743,1501396992,39050551296,24737595392,76263661568,38.8,1170.0,162,1828.6
18945304639250,13.100080637,1501396992,39050551296,24737595392,76263661568,8.3,202.2,162,1828.6
18945354637022,13.150078409,1501396992,39050551296,24737595392,76263661568,9.3,200.1,162,1828.6
18945404638259,13.200079646,1501396992,39050551296,24738119680,76263137280,8.2,199.9,162,1828.6
18945454637714,13.250079101,1501396992,39050551296,24738349056,76262907904,8.7,199.8,162,1828.6
18945504639054,13.300080441,1501396992,39050551296,24738578432,76262678528,9.4,199.9,162,1828.6
18945554637108,13.350078495,1501396992,39050551296,24738807808,76262449152,8.7,200.1,162,1888.7
18945604637937,13.400079324,1501396992,39050551296,24738807808,76262449152,8.8,200.0,162,1888.7
18945654629318,13.450070705,1501396992,39050551296,24739037184,76262219776,9.4,219.8,162,1888.7
18945704622724,13.500064111,1501396992,39050551296,24739037184,76262219776,8.8,200.3,162,1888.7
18945754623452,13.550064839,1501396992,39050551296,24739291136,76261965824,9.3,200.0,162,1888.7
18945804624592,13.600065979,1501396992,39050551296,24738684928,76262572032,10.0,199.9,162,1888.7
18945854627615,13.650069002,1501396992,39050551296,24738684928,76262572032,8.2,200.1,162,1888.7
18945904623094,13.700064481,1501396992,39050551296,24738684928,76262572032,10.1,199.9,162,1888.7
18945954621218,13.750062605,1501396992,39050551296,24739491840,76261765120,9.4,200.1,162,1888.7
18946004621236,13.800062623,1501396992,39050551296,24739491840,76261765120,9.4,200.1,162,1888.7
18946054621604,13.850062991,1501396992,39050551296,24739491840,76261765120,8.8,199.9,162,1888.7
18946104621070,13.900062457,1501396992,39050551296,24739491840,76261765120,9.4,200.0,162,1880.3
18946154620968,13.950062355,1501396992,39050551296,24739491840,76261765120,10.0,200.0,162,1880.3
18946204626866,14.000068253,1501396992,39050551296,24739749888,76261507072,14.5,219.8,162,1880.3
18946254630781,14.050072168,1501396992,39050551296,24739491840,76261765120,9.9,199.8,162,1880.3
18946304624587,14.100065974,1501396992,39050551296,24738496512,76262760448,9.4,200.4,162,1880.3
18946354627059,14.150068446,1501396992,39050551296,24738496512,76262760448,8.8,199.8,162,1880.3
18946404626616,14.200068003,1501396992,39050551296,24738496512,76262760448,9.4,200.0,162,1880.3
18946454640328,14.250081715,1501396992,39050551296,24738725888,76262531072,9.3,199.9,162,1880.3
18946504639767,14.300081154,1501396992,39050551296,24738914304,76262342656,44.7,1336.1,162,1880.3
18946554640037,14.350081424,1501401088,39050551296,24738914304,76262342656,9.4,200.8,162,1880.3
18946604641820,14.400083207,1501401088,39050551296,24739143680,76262113280,8.2,200.0,162,1886.1
18946654642480,14.450083867,1501401088,39050551296,24739143680,76262113280,8.2,219.7,162,1886.1
18946704638543,14.50007993,1501401088,39050551296,24739373056,76261883904,9.4,200.1,162,1886.1
18946754641968,14.550083355,1501401088,39050551296,24739373056,76261883904,10.0,200.0,162,1886.1
18946804624796,14.600066183,1501401088,39050551296,24739553280,76261703680,8.8,200.1,162,1886.1
18946854635175,14.650076562,1501401088,39050551296,24738893824,76262363136,9.4,200.2,162,1886.1
18946904644061,14.700085448,1501401088,39050551296,24738893824,76262363136,8.8,198.9,162,1886.1
18946954638901,14.750080288,1501401088,39050551296,24739123200,76262133760,9.4,200.0,162,1886.1
18947004654840,14.800096227,1501401088,39050551296,24739123200,76262133760,8.2,219.8,162,1886.1
18947054660149,14.850101536,1501401088,39050551296,24739123200,76262133760,9.3,200.0,162,1886.1
18947104653787,14.900095174,1501401088,39050551296,24739123200,76262133760,8.3,199.9,162,1850.0
18947154659938,14.950101325,1501401088,39050551296,24739352576,76261904384,10.0,220.2,162,1850.0
18947204645821,15.000087208,1501401088,39050551296,24739348480,76261908480,10.7,200.2,162,1850.0
18947254662682,15.050104069,1501401088,39050551296,24739348480,76261908480,10.0,199.4,162,1850.0
18947304649737,15.100091124,1501401088,39050551296,24739577856,76261679104,8.9,200.7,162,1850.0
18947354661549,15.150102936,1501401088,39050551296,24739577856,76261679104,10.0,199.5,162,1850.0
18947404649296,15.200090683,1501401088,39050551296,24739577856,76261679104,8.8,200.4,162,1850.0
18947454695510,15.250136897,1501401088,39050551296,24739577856,76261679104,9.9,198.2,162,1850.0
18947504641652,15.300083039,1501401088,39050551296,24739577856,76261679104,8.9,202.5,162,1850.0
18947554640913,15.3500823,1501401088,39050551296,24739807232,76261449728,8.8,200.0,162,1850.0
18947604643940,15.400085327,1501401088,39050551296,24740036608,76261220352,8.9,200.0,162,1850.0
18947654640264,15.450081651,1501401088,39050551296,24740036608,76261220352,7.5,219.1,162,1867.0
18947704629656,15.500071043,1501401088,39050551296,24740036608,76261220352,10.0,200.7,162,1867.0
18947754642612,15.550083999,1501401088,39050551296,24739778560,76261478400,8.8,200.1,162,1867.0
18947804643515,15.600084902,1501401088,39050551296,24740302848,76260954112,9.4,200.0,162,1867.0
18947854640270,15.650081657,1501401088,39050551296,24740302848,76260954112,8.2,200.0,162,1867.0
18947904641174,15.700082561,1501401088,39050551296,24739610624,76261646336,9.4,200.0,162,1867.0
18947954639231,15.750080618,1501401088,39050551296,24739610624,76261646336,8.8,200.3,162,1867.0
18948004640565,15.800081952,1501401088,39050551296,24739610624,76261646336,8.8,199.8,162,1867.0
18948054627653,15.85006904,1501401088,39050551296,24739610624,76261646336,9.4,199.9,162,1867.0
18948104624539,15.900065926,1501401088,39050551296,24739840000,76261416960,8.8,200.1,162,1867.0
18948154642874,15.950084261,1501401088,39050551296,24740069376,76261187584,8.7,200.0,162,1844.9
18948204628910,16.000070297,1501401088,39050551296,24740069376,76261187584,11.3,219.4,162,1844.9
18948254646825,16.050088212,1501401088,39050551296,24738996224,76262260736,10.0,199.6,162,1844.9
18948304627651,16.100069038,1501401088,39050551296,24738992128,76262264832,10.0,200.7,162,1844.9
18948354644744,16.150086131,1501401088,39050551296,24738992128,76262264832,9.4,199.3,162,1844.9
18948404640898,16.200082285,1501483008,39050551296,24738979840,76262277120,16.8,439.0,162,1844.9
18948454684480,16.250125867,1501483008,39050551296,24739897344,76261359616,28.9,876.0,162,1844.9
18948504650511,16.300091898,1501483008,39050551296,24740126720,76261130240,9.5,202.0,162,1844.9
18948554647940,16.350089327,1501483008,39050551296,24740384768,76260872192,7.6,220.1,162,1844.9
18948604646771,16.400088158,1501487104,39050551296,24740614144,76260642816,9.9,199.9,162,1844.9
18948654656142,16.450097529,1501487104,39050551296,24740843520,76260413440,8.8,199.6,162,1883.1
18948704649162,16.500090549,1501487104,39050551296,24740843520,76260413440,8.8,200.0,162,1883.1
18948754660036,16.550101423,1501487104,39050551296,24741072896,76260184064,8.2,199.7,162,1883.1
18948804673955,16.600115342,1501487104,39050551296,24741072896,76260184064,8.2,199.4,162,1883.1
18948854660774,16.650102161,1501487104,39050551296,24740446208,76260810752,8.7,200.6,162,1883.1
18948904649497,16.700090884,1501487104,39050551296,24740446208,76260810752,9.4,200.2,162,1883.1
18948954658377,16.750099764,1501487104,39050551296,24740675584,76260581376,8.2,200.1,162,1883.1
18949004650666,16.800092053,1501487104,39050551296,24740933632,76260323328,9.4,199.9,162,1883.1
18949054665908,16.850107295,1501487104,39050551296,24740933632,76260323328,10.0,199.3,162,1883.1
18949104643049,16.900084436,1501487104,39050551296,24740933632,76260323328,9.6,200.7,162,1883.1
18949154641420,16.950082807,1501487104,39050551296,24740933632,76260323328,10.0,219.9,162,1883.1
18949204633559,17.000074946,1501487104,39050551296,24741191680,76260065280,10.8,220.2,162,1864.7
18949254636828,17.050078215,1501487104,39050551296,24741191680,76260065280,10.0,199.9,162,1864.7
18949304625040,17.100066427,1501487104,39050551296,24741421056,76259835904,10.6,200.8,162,1864.7
18949354624382,17.150065769,1501487104,39050551296,24741421056,76259835904,8.8,200.1,162,1864.7
18949404626369,17.200067756,1501487104,39050551296,24741416960,76259840000,10.1,199.6,162,1864.7
18949454630110,17.250071497,1501487104,39050551296,24741416960,76259840000,8.8,200.0,162,1864.7
18949504671652,17.300113039,1501487104,39050551296,24741416960,76259840000,9.3,197.3,162,1864.7
18949554663092,17.350104479,1501487104,39050551296,24741416960,76259840000,10.2,201.4,162,1864.7
18949604674869,17.400116256,1501487104,39050551296,24741416960,76259840000,9.9,198.6,162,1864.7
18949654657232,17.450098619,1501487104,39050551296,24741416960,76259840000,9.6,221.9,162,1864.7
18949704646347,17.500087734,1501487104,39050551296,24741646336,76259610624,10.2,200.2,162,1841.8
18949754632657,17.550074044,1501487104,39050551296,24741646336,76259610624,9.9,200.4,162,1841.8
18949804643423,17.60008481,1501487104,39050551296,24741646336,76259610624,10.1,199.7,162,1841.8
18949854635774,17.650077161,1501487104,39050551296,24741646336,76259610624,9.4,200.3,162,1841.8
18949904638996,17.700080383,1501487104,39050551296,24741646336,76259610624,9.5,199.8,162,1841.8
18949954631978,17.750073365,1501487104,39050551296,24740585472,76260671488,9.4,200.2,162,1841.8
18950004655988,17.800097375,1501487104,39050551296,24739651584,76261605376,9.4,219.7,162,1841.8
18950054666313,17.8501077,1501487104,39050551296,24739651584,76261605376,10.0,199.9,162,1841.8
18950104641983,17.90008337,1501487104,39050551296,24739651584,76261605376,9.5,200.8,162,1841.8
18950154643572,17.950084959,1501487104,39050551296,24739651584,76261605376,9.4,180.0,162,1841.8
18950204645751,18.000087138,1501487104,39050551296,24739880960,76261376000,10.6,219.7,162,1841.8
18950254647460,18.050088847,1501487104,39050551296,24740110336,76261146624,8.8,220.2,162,1871.5
18950304652605,18.100093992,1501487104,39050551296,24740110336,76261146624,38.8,1091.4,162,1871.5
18950354651979,18.150093366,1501487104,39050551296,24740110336,76261146624,10.1,201.2,162,1871.5
18950404650212,18.200091599,1501487104,39050551296,24740110336,76261146624,10.1,199.6,162,1871.5
18950454660316,18.250101703,1501487104,39050551296,24740102144,76261154816,10.7,200.2,162,1871.5
18950504656145,18.300097532,1501487104,39050551296,24740102144,76261154816,9.4,200.2,162,1871.5
18950554647707,18.350089094,1501487104,39050551296,24740331520,76260925440,9.4,220.1,162,1871.5
18950604641664,18.400083051,1501487104,39050551296,24740560896,76260696064,8.3,199.7,162,1871.5
18950654642252,18.450083639,1501487104,39050551296,24740560896,76260696064,9.3,199.4,162,1871.5
18950704660654,18.500102041,1501487104,39050551296,24740560896,76260696064,8.3,200.4,162,1871.5
18950754650943,18.55009233,1501487104,39050551296,24740560896,76260696064,9.4,200.2,162,1873.7
18950804648166,18.600089553,1501487104,39050551296,24740560896,76260696064,9.5,220.7,162,1873.7
18950854639477,18.650080864,1501487104,39050551296,24740560896,76260696064,9.4,200.2,162,1873.7
18950904657047,18.700098434,1501487104,39050551296,24739618816,76261638144,10.0,199.1,162,1873.7
18950954642017,18.750083404,1501487104,39050551296,24739618816,76261638144,9.5,200.8,162,1873.7
18951004642014,18.800083401,1501487104,39050551296,24739618816,76261638144,8.8,199.9,162,1873.7
18951054658823,18.85010021,1501487104,39050551296,24739848192,76261408768,8.7,199.0,162,1873.7
18951104649102,18.900090489,1501487104,39050551296,24739848192,76261408768,9.4,200.7,162,1873.7
18951154632279,18.950073666,1501487104,39050551296,24739848192,76261408768,9.4,199.9,162,1873.7
18951204656551,19.000097938,1501487104,39050551296,24739848192,76261408768,11.3,199.7,162,1873.7
18951254646550,19.050087937,1501487104,39050551296,24739848192,76261408768,8.2,200.5,162,1873.7
18951304653410,19.100094797,1501487104,39050551296,24739848192,76261408768,9.4,199.6,162,1835.3
18951354655241,19.150096628,1501487104,39050551296,24739848192,76261408768,9.4,240.0,162,1835.3
18951404643197,19.200084584,1501487104,39050551296,24739848192,76261408768,8.9,199.9,162,1835.3
18951454643835,19.250085222,1501487104,39050551296,24739848192,76261408768,10.6,200.0,162,1835.3
18951504645478,19.300086865,1501487104,39050551296,24740077568,76261179392,9.4,200.5,162,1835.3
18951554658652,19.350100039,1501487104,39050551296,24740077568,76261179392,8.9,199.4,162,1835.3
18951604683968,19.400125355,1501487104,39050551296,24740306944,76260950016,9.9,199.4,162,1835.3
18951654651948,19.450093335,1501487104,39050551296,24739721216,76261535744,8.8,200.7,162,1835.3
18951704655524,19.500096911,1501487104,39050551296,24739950592,76261306368,9.4,198.9,162,1835.3
18951754646858,19.550088245,1501487104,39050551296,24739950592,76261306368,10.6,201.0,162,1835.3
18951804634885,19.600076272,1501487104,39050551296,24739950592,76261306368,8.2,200.3,162,1835.3
18951854624445,19.650065832,1501487104,39050551296,24739950592,76261306368,9.4,200.7,162,1868.0
18951904634634,19.700076021,1501487104,39050551296,24739086336,76262170624,8.8,199.5,162,1868.0
18951954626328,19.750067715,1501487104,39050551296,24739315712,76261941248,9.4,220.5,162,1868.0
18952004634743,19.80007613,1501487104,39050551296,24739545088,76261711872,10.0,199.6,162,1868.0
18952054637628,19.850079015,1501487104,39050551296,24739545088,76261711872,8.8,199.7,162,1868.0
18952104659488,19.900100875,1501487104,39050551296,24739545088,76261711872,8.2,199.7,162,1868.0
18952154650621,19.950092008,1501487104,39050551296,24739282944,76261974016,10.0,220.4,162,1868.0
18952204673663,20.00011505,1501671424,39050551296,24739282944,76261974016,38.1,1046.6,162,1868.0
18952254647043,20.05008843,1501671424,39050551296,24739540992,76261715968,10.1,202.9,162,1868.0
18952304641452,20.100082839,1501671424,39050551296,24739540992,76261715968,8.8,200.2,162,1868.0
18952354642253,20.15008364,1501675520,39050551296,24739540992,76261715968,8.9,200.1,162,1875.1
18952404642243,20.20008363,1501675520,39050551296,24739770368,76261486592,9.4,200.0,162,1875.1
18952454644456,20.250085843,1501675520,39050551296,24739770368,76261486592,8.8,220.1,162,1875.1
18952504663914,20.300105301,1501675520,39050551296,24739770368,76261486592,9.3,198.7,162,1875.1
18952554645321,20.350086708,1501675520,39050551296,24739512320,76261744640,9.4,200.2,162,1875.1
18952604678554,20.400119941,1501675520,39050551296,24739512320,76261744640,10.0,199.0,162,1875.1
18952654648530,20.450089917,1501675520,39050551296,24739512320,76261744640,10.1,201.1,162,1875.1
18952704657488,20.500098875,1501675520,39050551296,24739508224,76261748736,8.8,199.5,162,1875.1
18952754636250,20.550077637,1501675520,39050551296,24739737600,76261519360,8.9,200.4,162,1875.1
18952804674462,20.600115849,1501675520,39050551296,24739737600,76261519360,10.6,219.5,162,1875.1
18952854653064,20.650094451,1501675520,39050551296,24739737600,76261519360,10.0,200.8,162,1822.7
18952904659247,20.700100634,1501675520,39050551296,24739794944,76261462016,9.4,199.8,162,1822.7
18952954642057,20.750083444,1501675520,39050551296,24739794944,76261462016,10.0,220.1,162,1822.7
18953004640595,20.800081982,1501675520,39050551296,24739794944,76261462016,8.8,199.8,162,1822.7
18953054642440,20.850083827,1501675520,39050551296,24739794944,76261462016,10.6,200.3,162,1822.7
18953104642141,20.900083528,1501675520,39050551296,24739794944,76261462016,10.6,199.9,162,1822.7
18953154665646,20.950107033,1501675520,39050551296,24739536896,76261720064,10.8,199.9,162,1822.7
18953204669054,21.000110441,1501675520,39050551296,24738222080,76263034880,12.4,200.1,162,1822.7
18953254666821,21.050108208,1501675520,39050551296,24738222080,76263034880,10.8,200.0,162,1822.7
18953304661082,21.100102469,1501675520,39050551296,24738222080,76263034880,10.1,219.9,162,1822.7
18953354650033,21.15009142,1501675520,39050551296,24738222080,76263034880,10.0,200.0,162,1822.7
18953404647560,21.200088947,1501675520,39050551296,24738484224,76262772736,10.6,200.3,162,1846.0
18953454647401,21.250088788,1501675520,39050551296,24738189312,76263067648,10.1,199.8,162,1846.0
18953504636114,21.300077501,1501675520,39050551296,24738189312,76263067648,10.0,200.4,162,1846.0
18953554651085,21.350092472,1501675520,39050551296,24738185216,76263071744,10.1,219.4,162,1846.0
18953604690852,21.400132239,1501675520,39050551296,24738414592,76262842368,11.2,198.9,162,1846.0
18953654653206,21.450094593,1501675520,39050551296,24738414592,76262842368,10.1,201.0,162,1846.0
18953704659491,21.500100878,1501675520,39050551296,24738414592,76262842368,9.4,199.9,162,1846.0
18953754651149,21.550092536,1501675520,39050551296,24738414592,76262842368,11.3,200.1,162,1846.0
18953804650852,21.600092239,1501675520,39050551296,24738414592,76262842368,10.1,200.2,162,1846.0
18953854661014,21.650102401,1501675520,39050551296,24737898496,76263358464,10.1,199.8,162,1846.0
18953904647753,21.70008914,1501675520,39050551296,24737472512,76263784448,9.5,200.2,162,1827.1
18953954648438,21.750089825,1501675520,39050551296,24737636352,76263620608,11.8,220.0,162,1827.1
18954004641558,21.800082945,1501675520,39050551296,24737636352,76263620608,9.4,199.8,162,1827.1
