prompt,seed,clip_ti_gpu,psnr_DQ32,ssim_DQ32,mae_DQ32,clip_ti_DQ32,clip_imgcos_DQ32,psnr_DQ64,ssim_DQ64,mae_DQ64,clip_ti_DQ64,clip_imgcos_DQ64,psnr_DQ128,ssim_DQ128,mae_DQ128,clip_ti_DQ128,clip_imgcos_DQ128
Q01,101,0.3483,27.43,0.9792,3.16,0.3526,0.9972,30.01,0.9804,3.12,0.3543,0.9958,37.16,0.9903,1.91,0.3506,0.9993
Q02,102,0.3571,41.56,0.9928,0.99,0.3576,0.9996,37.47,0.989,1.64,0.3578,0.9995,35.34,0.9833,1.73,0.3581,0.9989
Q03,103,0.3375,39.58,0.9928,1.72,0.3375,0.9986,40.0,0.9927,1.4,0.3382,0.9981,39.74,0.9924,1.41,0.3387,0.9981
Q04,104,0.2947,30.56,0.9489,4.31,0.294,0.9926,32.13,0.9608,3.49,0.2957,0.9965,30.0,0.9393,4.63,0.2933,0.9927
Q05,105,0.2956,24.78,0.9583,5.15,0.2984,0.9994,22.6,0.9375,6.89,0.2958,0.999,23.44,0.9456,6.16,0.2943,0.9988
Q06,106,0.3778,20.05,0.7701,11.91,0.3701,0.975,19.65,0.7502,12.95,0.3712,0.9499,18.79,0.7252,14.47,0.3556,0.9195
Q07,107,0.3516,20.15,0.8852,6.45,0.3553,0.9488,19.95,0.8797,7.22,0.3708,0.9633,19.98,0.8711,7.24,0.361,0.9562
Q08,108,0.3608,32.38,0.97,2.35,0.3555,0.9981,31.69,0.9627,2.57,0.3593,0.9979,31.29,0.9599,2.83,0.3555,0.998
Q09,109,0.2745,17.73,0.8052,15.77,0.2851,0.9869,24.06,0.9158,7.16,0.2865,0.9949,14.69,0.6793,26.25,0.2894,0.9743
Q10,110,0.3934,27.83,0.9585,3.2,0.3919,0.9964,24.43,0.9211,5.11,0.3903,0.9962,23.22,0.9244,6.42,0.3932,0.9929
Q11,111,0.3103,32.08,0.9742,2.55,0.3084,0.9982,33.47,0.9711,2.27,0.3091,0.9987,29.17,0.9474,3.84,0.3025,0.9961
Q12,112,0.3121,32.03,0.9826,3.87,0.3119,0.9987,30.89,0.9806,4.76,0.3129,0.9982,29.59,0.9749,5.36,0.3122,0.9984
Q13,113,0.3408,19.07,0.8094,18.89,0.3443,0.9658,,,,,,,,,,
Q14,114,0.359,30.22,0.9301,2.66,0.3368,0.9853,,,,,,,,,,
Q15,115,0.3556,30.27,0.9654,2.58,0.3544,0.9989,,,,,,,,,,
Q16,116,0.3217,32.21,0.9776,2.31,0.3212,0.996,,,,,,,,,,
Q17,117,0.3498,22.1,0.9296,8.28,0.3447,0.9875,,,,,,,,,,
Q18,118,0.1981,22.17,0.8417,8.71,0.1984,0.9885,,,,,,,,,,
Q19,119,0.1936,23.5,0.9146,4.52,0.2042,0.9926,,,,,,,,,,
Q20,120,0.1839,24.35,0.8763,7.09,0.1834,0.9918,,,,,,,,,,
Q21,121,0.2396,17.65,0.7753,18.16,0.2384,0.966,,,,,,,,,,
Q22,122,0.2303,34.79,0.9843,2.41,0.2338,0.9992,,,,,,,,,,
Q23,123,0.2617,27.77,0.929,3.38,0.259,0.9909,,,,,,,,,,
Q24,124,0.3239,16.51,0.791,15.11,0.3177,0.9432,,,,,,,,,,
Q25,125,0.316,37.38,0.9896,0.77,0.3104,0.9982,,,,,,,,,,
Q26,126,0.2869,24.21,0.9113,5.48,0.2811,0.982,,,,,,,,,,
Q27,127,0.2902,30.81,0.9683,2.75,0.283,0.9977,,,,,,,,,,
Q28,128,0.2625,25.02,0.9295,4.4,0.2631,0.9979,,,,,,,,,,
Q29,129,0.3764,22.18,0.9147,6.99,0.3668,0.9809,,,,,,,,,,
Q30,130,0.3445,22.11,0.8723,6.09,0.3449,0.9518,,,,,,,,,,
